P29375,P06400
P06400,P32519
P06400,P29374
P06400,Q13029
P06400,Q14209
P06400,P21675
P06400,Q14186
P06400,Q14188
P06400,Q00534
P06400,P17480
P06400,Q07161
P06400,Q13547
P06400,Q01094
P06400,O00716
P06400,Q16254
P06400,P17947
P06400,Q99708
P06400,P43686
P06400,Q9Y676
P06400,P15976
P06400,P17542
P06400,Q00987
P06400,Q9BV86
P06400,P06748
P06400,Q9UKV8
P20226,P09086
P20226,P21675
P20226,Q15572
P20226,Q15544
P20226,Q15543
P20226,Q16514
P20226,P14859
P20226,P05412
P20226,Q16533
P20226,Q13487
P20226,P01100
P20226,Q00403
P20226,Q01094
P20226,P17947
P20226,P23193
P20226,Q12962
P20226,P06401
P22681,P46108
P22681,P05783
P22681,Q12965
P22681,P15498
P22681,P62993
P22681,P27986
P22681,P07948
P22681,P68036
P22681,P00533
P22681,P04062
P22681,P43403
P22681,P62837
P22681,Q9GZQ8
P46108,Q13905
P46108,P00519
P46108,P49023
P46108,Q14185
P46108,Q9H792
P46108,P62937
P27986,P06213
P27986,P08069
P27986,P35568
P27986,P09619
P27986,P21860
P27986,P42336
P27986,P42338
P27986,P10828
P27986,P10827
P27986,Q96AQ6
P27986,P03372
P27986,Q12959
P06213,P35568
P06213,P29353
P06213,P18031
P06213,Q14449
P06213,Q13322
P06213,P32121
P06213,P01308
P06213,P62988
P06213,Q99418
P06213,O43739
P06213,P62330
P06213,P26045
P31946,P04049
P31946,P30304
P31946,P30305
P31946,Q99759
P31946,P46937
P31946,P30307
P31946,P62258
P31946,P61981
P31946,P27348
P31946,P36405
P04049,P01112
P04049,Q6FHM2
P04049,P63104
P04049,P01111
P04049,P30304
P04049,P30305
P04049,Q02750
P04049,P30086
P04049,Q6TCH7
P04049,Q12967
P04049,P15056
P04049,P10398
P04049,O14807
P04049,P01116
P04049,Q13188
P04049,Q8IVT5
Q08999,P15172
Q08999,Q13547
Q08999,Q99708
Q08999,Q16254
P15172,P15923
Q08945,P17947
Q08945,Q7L7L0
P17947,P49716
P17947,P23769
P25490,Q09472
P25490,Q00403
P25490,P08047
P25490,P01106
P25490,Q03112
P25490,Q15545
Q09472,P04637
Q09472,P03372
Q09472,Q16665
Q09472,O15350
Q09472,Q06945
Q09472,Q00987
Q09472,Q13351
Q09472,P15941
Q09472,P35637
Q09472,Q92804
Q09472,Q01844
Q09472,P62988
Q09472,P56279
Q09472,Q9UL17
Q09472,Q8WXX7
Q92793,P36956
Q92793,P10243
Q92793,P16220
Q92793,P23769
Q92793,Q9Y265
Q92793,P04637
Q92793,Q12772
Q92793,Q13568
Q92793,Q14653
Q92793,Q13469
Q92793,Q06945
Q92793,Q13351
Q92793,Q13572
Q92793,P10242
Q92793,P62805
Q92793,P62988
Q92793,O00327
Q92793,Q9UL17
P36956,Q96RN5
P36956,O75586
P36956,Q15648
P36956,P49336
P36956,P62988
P15923,P15173
P15923,P09874
P15923,P19338
P15923,P17542
P15923,Q02363
P15923,O00268
P15884,Q02535
P15884,P35222
P15884,P55197
P15884,Q8TEK3
P15884,Q02363
Q02535,Q96HC4
P00519,Q13315
P00519,Q03135
P00519,P42229
P00519,P46109
Q13315,P15927
Q13315,P54274
Q13315,P16104
Q13315,Q15554
Q13315,P23921
Q13315,Q7LG56
Q13315,P13693
Q13315,Q5XUX0
Q13315,P46531
Q13315,O60934
Q13315,P50542
P02593,P35609
P02593,P17677
P02593,P23634
P35609,Q01668
P35609,Q9H2S1
P35609,P60709
Q15172,P31314
P18428,P08571
P08571,O60603
P10415,Q07812
P10415,Q07820
P10415,Q13323
P10415,Q99933
P10415,P55957
P10415,Q9C000
P10415,Q14457
P10415,Q13625
P10415,Q14643
P10415,P21796
Q07812,P62988
Q07812,Q07817
Q07812,Q07820
Q07812,Q92843
Q07812,P22001
Q07812,O43521
Q07812,P49841
Q07812,P55957
Q15628,P19438
Q15628,Q13158
Q15628,Q13546
Q15628,Q12933
Q15628,P01375
P19438,Q13546
P19438,Q13158
P19438,P01375
P19438,P01374
P19438,Q12931
P19438,Q9BQ06
P19438,Q969G6
P19438,P13498
P19438,P63000
P19438,Q9Y5S8
P19438,P04839
P29466,P01584
P29466,Q9C000
P29466,Q9HC29
P29466,O95760
P29466,P58753
P29466,O15553
P29466,Q5XLA6
P29466,P57730
P01584,Q9NPH3
P01584,P09429
P32239,P01350
P43405,Q15349
P43405,P07948
P43405,P19174
P43405,P40763
P42574,P09874
P42574,P98170
P42574,P55211
P42574,P55211-1
P42574,P02511
P42574,Q14790
P42574,P55212
P42574,P55957
P42574,P52566
P42574,Q15185
P42574,P10451
P42574,Q96RD7
P42574,P10599
P09874,P04637
P09874,Q01094
P09874,Q8IW19
P09874,Q9P2D1
P09874,Q86WJ1
P09874,P68431
P09874,Q96EP1
P09874,P46063
P09874,Q9HAN9
P09874,P28482
P09874,P27361
P09874,P54577
Q00987,P04637
Q00987,P49407
Q00987,Q9UER7
Q00987,P31749
Q00987,Q8N726
Q00987,Q93009
Q00987,O15151
Q00987,P62988
Q00987,P49757
Q00987,O15350
Q00987,P49459
Q00987,P10275
Q00987,Q7LG56
Q00987,Q6PCD5
Q00987,Q7Z6E9
P04637,Q16594
P04637,P49848
P04637,P63279
P04637,Q13625
P04637,O15151
P04637,P62988
P04637,P09429
P04637,P15559
P04637,Q15648
P04637,P38398
P04637,P51587
P04637,Q12888
P04637,P06493
P04637,P49459
P04637,Q8N726
P04637,P31350
P04637,P27694
P04637,Q9NTD8
P04637,Q8WTS6
P04637,Q93009
P04637,P63165
P04637,Q8WUF5
P04637,O60936
P04637,Q9UER7
P04637,Q07817
P04637,P08047
P04637,Q96PM5
P04637,O14503
P04637,O14980
P04637,Q05086
P04637,Q13155
P04637,Q7LG56
P04637,O14920
P04637,Q06945
P04637,Q9Y297
P04637,P07900
P04637,Q16666
P04637,Q9NRG4
P04637,Q9NPI1
P04637,P61956
P04637,Q96EB6
P04637,Q8N163
P04637,P13693
P04637,Q6PCD5
P04637,Q9UHH9
P04637,Q9NRR4
P04637,P49407
P04637,O60341
P04637,Q92769
P04637,P49757
P04637,Q6NYC1
P04637,O15164
P04637,Q8NEZ4
P04637,Q6ZW49
P04637,Q15291
P04637,P61964
P04637,Q9UBL3
P04637,Q14686
P04637,P43356
P04637,O15379
P04637,Q96J02
P04637,Q06330
P04637,P15036
P04637,O95352
P42345,P20071
P42345,P62942
P42345,Q6R327
P42345,P31749
P42345,Q15382
P42345,Q8N122
P42345,Q9BVC4
P42345,Q07817
P42345,Q8WUA4
P42345,Q9Y5Q8
P42345,Q9H063
P42345,O75385
P42345,Q9UK97
P20071,P36897
Q16514,P02304
Q16514,Q15544
Q16514,Q12962
Q16514,P01106
Q16514,O00268
Q16514,Q7Z7C8
Q16514,Q16594
P02304,Q16594
Q16594,P49848
Q16594,Q00403
Q16594,P61244
Q16594,Q92830
Q16594,P01106
Q16594,Q15542
Q16594,O00268
Q16594,Q7Z7C8
Q16594,Q12962
P21675,Q15545
P21675,Q12962
P21675,Q6P1X5
P21675,Q15542
P11277,P02549
P49848,Q12962
P49848,O00268
P49848,Q7Z7C8
Q00403,P08047
Q00403,P19388
Q00403,P35269
Q00403,P19387
P08047,Q13547
P08047,P62988
P08047,Q8N726
P08047,Q15545
P08047,P04198
P08047,Q14192
P08047,Q9UL17
Q15544,Q15543
Q15544,Q12962
Q15543,Q12962
Q12962,Q7Z7C8
Q12962,Q8WTS6
Q12962,Q15542
Q12962,Q15545
Q12962,Q5VWG9
Q12962,O00268
P06127,Q8NEB9
P06127,Q00839
P06127,P06239
Q8NEB9,Q6ZNE5
Q8NEB9,Q14457
Q8NEB9,Q9P2Y5
Q8NEB9,Q9Y371
Q00839,P19174
Q00839,P49450
P06239,P07900
P06239,P08575
P06239,P20963
P06239,P25445
P01112,Q13671
P01112,P15056
P01112,P30304
P01112,P30305
P01112,P45983
P01112,Q9NZL6
P01112,P10398
P01112,Q07889
P01112,Q8WWW0
P01112,Q12967
P01112,Q9Y613
P01112,Q15036
P01112,O43566
Q13671,P42684
P42684,Q03135
P42684,Q15642
P42768,P16333
P42768,P60953
P42768,O43516
P42768,Q9Y5X1
P16333,O43516
P16333,O00401
P16333,P48023
P16333,O60942
P29317,P20827
P29317,P35222
P29317,P52803
P29317,O15357
P20827,P54764
P20827,O15357
Q13158,P25445
Q13158,O15519
Q13158,Q14790
Q13158,P48023
Q13158,P50591
P25445,Q13546
P25445,Q9UER7
P25445,Q14790
P25445,P12931
P25445,P07947
P25445,P48023
P25445,P19174
P25445,Q9GZQ8
P25445,Q03135
P00533,Q13596
P00533,P62993
P00533,P29353
P00533,P01133
P00533,P01135
P00533,P04626
P00533,P21860
P00533,Q03135
P00533,P62988
P00533,Q13191
P00533,Q9UJM3
P00533,Q6NZI2
P00533,P51149
P00533,P15514
P00533,P35070
P00533,O14964
P00533,Q9UKV8
P00533,Q96FE5
P00533,Q15109
P00533,Q07889
P00533,P14174
P00533,P08581
P00533,Q14956
Q13596,Q9UNH7
Q13546,Q14790
Q13546,P01375
Q13546,P62988
Q13546,Q9BX69
P14778,P51617
P14778,P09619
P51617,Q9HAT8
P51617,Q8N2H9
P51617,Q99836
P51617,Q96FA3
P51617,Q9NYJ8
P27797,P13747
P27797,P11166
P27797,P02675
P13747,Q03519
P13747,P61769
P09661,Q12874
P09661,Q9ULR0
P09661,Q9HCS7
Q12874,Q15459
P05783,P05787
P05783,P15924
P05783,Q14457
P62993,P10721
P62993,P35568
P62993,P23458
P62993,P09619
P62993,O43561
P62993,Q9UQC2
P62993,P46527
P62993,P29353
P62993,P21802
P35568,Q99418
P35568,O43739
P04899,P81274
P08069,P29353
P08069,Q14620
P08069,P05019
P08069,Q92569
P29353,P28482
P29353,P12931
P15056,P10398
P15056,P01111
P15056,Q02750
P15056,P46940
P14598,P19878
P19878,Q15080
P30304,P42655
P30304,P14635
P30304,O14757
P42655,P30305
P42655,Q99759
P30305,O14757
Q6FHM2,P63211
P63104,P36405
Q14205,Q13424
Q14205,Q13884
Q13424,P46939
Q13424,Q75RY0
Q13884,P46939
P46939,O95477
P46939,Q08209
P46939,P62937
Q14209,Q14186
Q14209,Q14188
Q14209,Q96JM7
Q14186,P28749
Q14186,Q15329
Q14186,Q01094
Q14186,O00716
Q14186,Q16254
Q14186,P41229
Q14188,P28749
Q14188,Q16254
Q14188,Q01094
Q07820,Q16611
Q07820,Q7Z6Z7
Q07820,P55957
Q07820,P62988
Q07820,Q93008
P49716,Q8TEX9
P49716,Q12899
P49716,O95071
P49716,O14980
P49716,Q9BXW9
P49716,Q96R06
Q03519,Q03518
P11831,P35269
P11831,P28324
P35269,P10275
P35269,P13984
P35269,P19387
P15924,P13647
P15924,P05787
P15924,P02538
P15924,P49450
P13647,P02533
P08631,Q03405
P08631,Q9HCN6
Q03405,P23458
Q03405,P29597
Q03405,P07948
Q03405,P09769
Q03405,P00749
P63211,P16520
P63211,P62873
Q13889,P19447
Q13889,P18074
Q13889,Q13888
Q13889,Q6ZYL4
P19447,P18074
P19447,P32780
P19447,Q13888
P19447,P28715
P19447,P43351
P19447,Q6ZYL4
P19447,Q92759
P19447,P19387
P19447,Q01831
P05556,P56199
P05556,P17301
P05556,P46109
P05556,P06756
P05556,P08648
P10809,P08107
P10809,P15104
P10809,P07900
P10809,P25325
P08107,Q93034
P08107,Q9UL15
P08107,O75460
P08107,P69905
P08107,P68871
Q16667,P06493
Q16667,Q00526
Q16667,P24941
P06493,P24385
P06493,P24864
P06493,P61024
P06493,P14635
P06493,P20248
P06493,P24522
P06493,O95257
P06493,O75293
P06493,P50613
P06493,O95835
P06493,Q99741
P06493,Q9UQR0
P06493,P46527
P06493,O75618
P32927,P04141
P32927,P05113
P32927,P08700
P32927,P42336
P04141,P15509
P04141,Q99062
P17301,Q14192
P28749,Q13547
P28749,Q16254
P07948,Q9HCN6
P12931,P20248
P12931,P24385
P12931,P07900
P12931,P49407
P12931,Q9H5V8
P12931,P03372
P12931,O00560
P12931,P25101
P12931,P32121
P12931,P21980
P12931,P35222
P12931,P35408
P12931,P78536
P12931,Q96AQ6
P20248,P24941
P20248,P38936
P20248,P12004
P20248,P46527
P20248,O43303
P20248,P31749
P20248,P31751
P20248,Q9Y243
P24385,P61024
P24385,P24941
P24385,P38936
P24385,P10275
P24385,Q00534
P24385,P11802
P24385,P30260
P24385,P12830
P24385,P62988
P24385,Q5XUX0
P24385,O15379
P24385,Q16656
P61024,P24941
P61024,Q00526
P24941,P12004
P24941,P18858
P24941,P50613
P24941,P38936
P24941,P24864
P24941,P46527
P24941,P07305
P24941,Q9UQR0
P24941,O95835
P11802,Q96TE0
P11802,P30279
P11802,P07900
P11802,P38936
P11802,P30281
P11802,P42771
P11802,P46527
P11802,Q16543
P11802,P50613
P11802,Q92830
Q96TE0,Q00534
Q96TE0,P30279
Q00534,P42771
Q00534,P55273
Q00534,P30281
P05412,P49841
P05412,P28482
P05412,P45984
P05412,P53779
P05412,P18847
P05412,P18848
P05412,P45983
P05412,P10275
P05412,P38398
P05412,P01100
P05412,Q8N1L9
P05412,Q03112
P05412,Q13330
P05412,P56279
P05412,P62988
P05412,P28347
P05412,P15407
P11166,P27824
P27824,O95477
Q04771,P27037
P27037,P36896
P27037,P08476
P27037,P37023
P27037,P12643
P36896,P08476
P24588,P17252
P24588,P13861
P24588,Q08209
P23458,P40189
P23458,P17181
P23458,P14784
P23458,Q8IU57
P40189,P29597
P40189,P05231
P40189,P20809
P40189,P13725
P29597,P17181
P17181,P48551
P17181,P01563
P17181,P32881
P17181,P01574
P01111,Q13322
P01111,Q14449
P05113,Q01344
P08700,P26951
Q01094,P19838
Q01094,Q8N726
Q01094,Q92547
Q01094,P38398
Q01094,P35232
Q01094,Q13547
Q01094,P49336
Q01094,Q9UPP1
Q01094,Q96JM7
Q01094,Q86X55
Q01094,Q9Y6Q9
P19838,P34932
P19838,O00255
P19838,P41279
P19838,Q15653
P19838,P35606
P19838,Q04864
P19838,O00221
P19838,Q9Y6K9
P19838,Q00653
P19838,O00505
P19838,Q01201
P19838,Q15025
P19838,Q8NFZ5
P19838,O15111
P19838,P25963
P19838,Q04206
P19838,Q15672
P19838,Q9NWT6
P62873,P59768
P27487,P00813
P27487,P08575
P18074,P32780
P18074,Q13888
P18074,P28715
P18074,P43351
P18074,Q92759
P18074,Q6ZYL4
P32780,Q13888
P32780,P28715
P32780,P29083
P32780,Q01831
P32780,Q6ZYL4
P32780,Q92759
P32780,P19387
P32780,Q13351
Q13888,P28715
Q13888,Q13216
Q13888,Q6ZYL4
Q13888,Q92759
P28715,Q03468
P28715,P12004
P28715,P24522
Q13216,Q03468
P02766,P05067
P05067,P01023
P05067,P22303
P05067,P02649
P05067,P49768
P05067,O75509
P05067,P08138
P05067,A4D1B5
P12830,P28827
P12830,P35222
P12830,Q9UHB6
P12830,P35221
P12830,Q13625
P12830,Q9H8V3
P12830,Q9H0H5
P19138,P67870
P67870,P19784
P67870,P68400
P67870,Q8WXX7
P05231,P08887
P05231,P13725
P01579,P15260
P15260,P42224
P17480,Q13950
P17480,Q04724
P19174,P09619
P19174,O94916
P19174,P11362
P19174,Q03135
P19174,P21802
P08514,P05106
P08514,P21333
P05106,P06756
P05106,P21333
P35221,P35222
P35221,Q9UHB6
P35221,P18206
P35221,P25963
P35221,Q04206
P35221,Q5VT06
P35221,Q9H8V3
P35221,Q9H0H5
P35222,Q9Y3M2
P35222,Q9Y265
P35222,P49789
P35222,Q9UJU2
P35222,Q9NQB0
P35222,P25054
P35222,P10275
P35222,O15169
P35222,Q9Y297
P35222,P19022
P35222,Q01826
P35222,P35869
P35222,Q16531
P35222,P55197
P35222,Q8TEK3
P35222,O00482
P35222,O14746
P35222,P14618
P35222,Q9Y2T1
P35222,Q96EB6
P35222,P51532
P35222,P62988
P35222,P49757
P35222,P26232
P35222,Q13625
P35222,P40337
P35222,Q04206
P15104,P28223
P35869,P07900
P35869,Q16531
P07900,P04150
P07900,P09769
P07900,Q15185
P07900,Q99558
P07900,O15111
P07900,O14920
P07900,Q14164
P07900,Q9Y6K9
P07900,Q13233
P07900,Q99759
P07900,Q9UHD2
P07900,O43318
P07900,Q9UHH9
P07900,P10275
P07900,P43034
P07900,B2R4V0
P07900,P06401
P07900,Q9H6T3
P07900,P04626
P04150,Q12888
P04150,P48552
P04150,Q05086
P04150,Q16620
P04150,Q99801
P00488,P04792
P04792,P02511
P14784,P01589
P14784,P60568
P14784,P31785
P14784,P40933
P01589,P60568
P60568,P31785
P31785,P52333
P31785,P13232
P31785,P40933
Q04864,P34932
Q04864,Q8NFZ5
Q04864,P41279
Q04864,Q8IYF5
Q04864,Q04206
Q04864,P25963
Q04864,O00221
Q04864,Q00653
Q04864,Q15653
P34932,Q04206
P34932,P25963
Q04206,O00255
Q04206,P41279
Q04206,Q15653
Q04206,Q00653
Q04206,O00221
Q04206,Q8NFZ5
Q04206,O15111
Q04206,Q13576
Q04206,Q9ULX6
Q04206,P25963
Q04206,Q01201
Q04206,Q8WTS6
Q04206,Q9Y2K7
Q04206,Q96L73
Q04206,P52943
Q04206,Q8N2W9
Q04206,P22736
Q04206,P47712
P25963,Q00653
P25963,Q9UKB1
P25963,Q13616
P25963,Q15653
P25963,O95163
P25963,P33992
P25963,O15111
P25963,O14920
P25963,P33993
P25963,Q9Y6K9
P25963,P62988
P25963,P63208
P25963,P25789
P25963,P25098
P25963,P34947
P25963,Q9NWT6
P15407,P22415
P15407,P18848
P15407,P23025
P15407,P28347
P15407,P17535
P22415,Q15545
P19388,P19387
P19388,O94762
P19338,Q9Y6D6
P19338,P05455
P19338,P37198
P19338,P22087
P19338,Q86UQ8
P03956,P01033
Q13323,Q07817
Q13323,P62988
P63279,Q06609
P63279,P43351
P63279,P10275
P63279,Q93068
P63279,P41212
P63279,P63165
P63279,P46060
P63279,Q9Y265
P63279,Q02078
P63279,O00180
P63279,P22460
P63279,Q9Y4E5
Q06609,P27694
Q06609,P43351
Q06609,P51587
Q06609,Q96B01
Q06609,Q14191
Q06609,O94761
Q06609,O94762
Q06609,P61956
Q06609,P63165
Q06609,P54132
Q06609,Q86YC2
Q06609,Q14676
Q06609,O14980
Q06609,O75417
P48551,P01563
P48551,P01569
P48551,P01562
P48551,P32881
P48551,P01574
P43351,P27694
P43351,P15927
P43351,P35244
Q15185,P55210
Q15185,P08238
Q00526,P24863
P19784,P68400
P19784,Q8WXX7
P01100,P18848
P01100,Q03112
P01100,P56279
P09619,P42229
P09619,P20936
P09619,P01127
P09619,O75581
P09619,P62988
P09619,P35968
P09619,Q9NRA1
Q13625,P46937
Q13625,Q92843
Q13625,Q07817
Q13625,Q8TEW0
Q13625,Q9H3D4
Q13625,O15350
P24864,P38936
P24864,P46527
P06702,P05109
P61244,P50539
P61244,Q14901
P61244,P01106
P61244,Q9Y4A5
P61244,Q92830
P61244,O75529
P61244,O75486
P61244,P04198
P61244,P41229
P61244,Q9GZV8
P50539,Q14901
P19793,P10276
P19793,Q07869
P19793,P11473
P19793,Q15596
P19793,P60763
P19793,P37231
P19793,P55055
P10276,Q15596
P10276,Q05086
P10276,Q16236
P10276,Q15788
P10276,Q9Y618
P10276,O75376
P10276,P51946
P10276,O43707
P38936,P12004
P38936,O96020
P38936,P62988
P38936,O94921
P38936,Q9UQR0
P38936,Q92466
P13861,P11137
P13861,Q12802
P13861,Q03135
P41236,P36873
P41236,P62136
P36873,Q9Y6D5
P36873,Q9Y6D6
P36873,Q13362
P49841,P31749
P49841,O15169
P49841,Q08752
P49841,P01106
P49841,Q5VWQ8
P49841,Q86YF9
P28482,P53004
P28482,Q08752
P28482,O95863
P53779,P17535
P18847,P18848
P18848,P35638
Q02750,P53004
P14635,Q13635
P14635,O75618
P20936,Q03135
P20936,Q9NYB0
Q01081,P26368
P26368,Q07955
P26368,Q96I25
P26368,P23193
P26368,Q15637
P02649,P98155
P21926,P16070
P21926,P18827
P16070,P16581
P16070,P13612
P18827,P34741
P18827,O75056
P18827,Q13009
P02748,P07357
P27635,P49768
P49768,P21333
P49768,Q9UQB3
P49768,Q6EMK4
P49768,Q6UX71
P49768,Q8NFT8
P49768,P16066
P49768,Q14118
P49768,Q14126
P49768,P62491
P21333,P14416
P21333,P35462
P21333,P41180
P21333,P10275
P21333,Q8N264
P21333,P26010
P21333,P49450
P21333,O15164
P21333,O15160
P21333,Q13153
P21333,O95477
P12004,Q8IWY9
P12004,Q96C41
P12004,O75714
P12004,P39748
P12004,P24522
P12004,O95257
P12004,Q9UK52
P12004,P22674
P12004,P35249
P12004,P62988
P12004,Q14527
P12004,Q15054
P12004,O94762
P12004,Q9Y468
P12004,P57081
P45983,O00213
P45983,P16104
P45983,Q8N122
P45983,Q00613
Q07955,P38919
P41182,Q9Y618
P41182,Q15916
P41182,O75376
P41182,Q86XK2
P41182,P62988
P41182,Q13616
P41182,P63208
Q9Y618,Q15916
Q9Y618,Q05516
Q9Y618,O15379
Q9Y618,O00482
Q9Y618,Q13227
Q9Y618,O60907
Q9Y618,Q96T58
Q9Y618,P55040
Q15916,O75376
Q05516,O75376
P01375,P20333
P01375,P36941
P01375,P01374
P01375,Q12933
P01375,O75530
P01375,Q9NY59
P01375,P63244
P01375,Q9H0F6
P01375,Q96EP0
P01375,Q9BYM8
P20333,P01374
P20333,Q9BQ06
P20333,Q12933
P01374,P36941
P01374,Q06643
P36941,Q13114
P28908,P32971
Q30201,P02786
Q30201,P61769
Q30201,P62988
P02786,P02787
P02786,P02794
P02786,P61769
P02786,Q9UID3
P02787,Q9BTM9
P05112,P24394
P24394,P35225
P43489,P23510
P29965,P25942
P25942,Q12933
P25942,Q13114
P16871,P13232
P35225,P78552
P35225,Q14627
Q07011,P41273
Q01113,P15248
P22301,Q13651
P22301,Q08334
Q99933,P10275
P25025,P10145
P25025,P09341
P25025,P19875
P25025,P19876
P25025,P42830
P25025,P02775
P10145,Q16570
P10145,P25024
P20809,Q14626
Q16570,P09341
P25024,P09341
P25024,P42830
P25024,P02775
P21802,P05230
P21802,P21781
P21802,P11487
P21802,P09038
P21802,O15520
P21802,P10767
P21802,P31371
P21802,P50281
P21802,P22607
P05230,P22607
P05230,Q8NI16
P05230,P11362
P05230,P22455
P29459,P29460
P29459,Q99665
P29459,P42701
P29459,Q14213
P21781,P22607
P22607,P09038
P22607,P08620
P22607,P12034
P22607,P55075
P09038,P11362
P09038,P22455
P12034,P11362
P11362,Q9GZV9
P11362,O95750
P11362,P55075
P22455,O95750
P22455,P50281
P08138,P01138
P08138,P04629
P01138,P04629
P01138,Q99523
P01127,P16234
P04629,Q13501
P04629,O75385
P23560,Q16620
P23560,P20783
P23560,Q99523
Q16620,P78352
P20783,Q16288
Q16288,P28223
P40238,P40225
P01588,P19235
P04085,P16234
P04085,P02751
P16234,Q9NRA1
P49767,P35916
P49767,P35968
P15692,P17948
P15692,O14786
P15692,O60462
P15692,P49763
P15692,P07996
P15692,P35968
P17948,P49763
O14786,Q14563
O14786,P08648
O14786,O75051
P26992,P26441
P26441,P42702
P42702,P15018
P42702,P13725
O15467,P32302
O15467,P32246
O15467,P41597
O15467,P51685
P32302,P10147
P32302,P13501
P32302,P13236
P32302,O43927
O00626,P51679
P51679,Q92583
P51679,P48061
Q99062,P09919
P36894,P12643
P36894,Q13873
P12643,Q13873
P12643,Q6ZVN8
P12643,Q6NW40
P12643,Q96B86
Q13873,P18075
Q13873,P12644
P32246,P22362
P32246,P10147
P32246,P13236
P32246,P13501
P32246,P80098
P32246,Q16627
P32246,P80075
P32246,P13500
P32246,Q16663
P41597,P13500
P41597,P80098
P41597,P80075
P41597,Q99616
P22362,P51685
P51685,Q92583
P32248,Q99731
P32248,O00585
Q99616,P51677
Q99616,P51681
Q99616,P49682
Q99616,Q9NPB9
P51677,P80098
P51677,P10147
P51677,P13236
P51677,P13501
P51677,P51671
P51677,O00175
P51677,Q9Y258
P51677,Q07325
P51677,O14625
P51677,P02778
P51677,Q16663
P80098,P51681
P80098,P49682
P80098,Q9NPB9
P51686,O15444
P49682,O14625
P49682,Q07325
P49682,P02778
P49682,P51671
P49682,P13501
P13500,P51681
P13500,Q9NPB9
P10147,P51681
P13236,P51681
P13501,P51681
P51671,P51681
P51684,P78556
P51681,P80075
P51681,P61073
P80075,Q9NPB9
P46092,Q9Y4X3
P46092,P48061
P49238,P78423
O43294,P10275
P10275,P62826
P10275,P82094
P10275,Q13772
P10275,Q03135
P10275,P50613
P10275,Q15596
P10275,Q92993
P10275,P49116
P10275,P38398
P10275,P51946
P10275,Q05086
P10275,Q9Y265
P10275,P06396
P10275,P11308
P10275,P05771
P10275,O60341
P10275,Q02790
P10275,P08238
P10275,P55317
P10275,Q9UBL3
P10275,Q03164
P10275,O15550
P10275,Q8IXJ9
P10275,O14686
P10275,Q01534
P10275,Q07912
P10275,O60885
P10275,P25440
P10275,Q15059
Q03167,P61812
Q03167,P01137
Q03167,P37173
P61812,P36897
P06401,Q13105
P06401,Q9Y6X2
P06401,O75925
P06401,Q05086
Q13105,P03372
Q13105,Q92731
Q13105,Q99684
P37173,P10600
P37173,P37023
P37173,P01137
P37173,P36897
P37173,P02750
P10600,P36897
P10600,P37023
P01912,P01903
P01903,P04229
P61769,P30491
P61769,O19691
P61769,P18464
P61769,P55899
P61769,P03989
P61769,Q95460
P61769,P15813
P62826,P61970
P62826,O60356
P36897,P01137
P36897,P02750
P36897,P17813
P01137,P37023
P01137,Q14392
P01137,Q14766
P37023,P17813
P37023,P02750
P21246,Q9UM73
Q03135,P35354
Q03135,P51636
Q03135,P29474
Q03135,Q8NFW9
Q03135,P48995
Q03135,Q13586
Q03135,O00194
Q03135,P52735
Q03135,Q8N5H7
Q03135,Q13322
Q03135,Q9GZQ8
Q03135,Q6NZI2
Q03135,O95810
Q03135,Q969G5
Q03135,P60709
P03372,Q9Y6X2
P03372,O75925
P03372,Q15596
P03372,Q05086
P03372,Q6PL18
P03372,P29474
P03372,Q92993
P03372,O15164
P03372,Q92731
P03372,P62988
P03372,P10589
P03372,Q96AQ6
Q9Y6X2,Q92731
Q92731,O75925
P38398,Q99728
P38398,P18846
P38398,P17275
P38398,O14867
P38398,Q92547
P38398,Q13363
P38398,O60619
P38398,O00158
P38398,P01106
P38398,Q6UWZ7
P38398,Q96RL1
P38398,Q9BX63
P38398,P51587
P38398,Q53YX5
P38398,Q86YC2
P38398,O75330
P38398,P63165
P38398,P61956
P38398,O14965
P38398,Q9ULW0
P38398,P17535
P38398,P11388
P38398,P62988
P38398,Q9NVH0
Q12888,P62805
Q12888,P53350
Q12888,P63165
Q12888,Q14686
Q14192,Q13683
Q14192,P26006
Q14192,P51610
Q14192,Q06546
Q14192,Q06547
Q13185,P23497
Q13185,Q14739
Q13185,O15164
Q13185,P41229
Q13185,Q5FBB7
P23497,P45973
P23497,P83916
P45973,Q14739
P45973,O43463
P45973,Q9UBD5
P45973,Q13415
P45973,O15164
P45973,Q5FBB7
P45973,Q14191
Q14739,P83916
P50613,P24928
P50613,Q6IAW3
P50613,Q9BWU1
P50613,O00267
P50613,P21127-12
Q15596,O00482
Q92993,Q9Y265
Q92993,P35637
Q92993,Q01844
Q92993,Q92804
Q92993,Q9BZS1
Q92993,P04198
Q92993,Q96GD4
P49116,Q13191
P01730,Q14005
Q08334,Q9GZX6
P08581,Q04756
P08581,P14210
P08581,P21860
Q04756,O43278
Q04756,P14210
P26927,Q04912
P26927,Q15831
P26927,Q14160
P26927,Q9P0L2
P10912,P01241
P01241,P13497
Q07960,P60953-1
Q07960,P60953
P63098,Q08209
Q08209,O95644
Q08209,Q13469
P55273,Q9NWT6
P41159,P48357
P48357,O15243
Q05086,P68036
Q05086,P62988
P68036,Q9Y4X5
P68036,P62988
P51946,Q92759
P35462,P53618
P35462,P48444
P35462,Q9Y678
P35462,Q99962
P35462,Q99961
P35462,Q99963
P33681,P10747
P10747,P42081
O15123,Q02763
P10599,P27695
P10599,P32119
P10599,Q99683
P10599,P40763
P27695,Q9UIF7
P08709,P13726
P13726,Q53XJ8
P13726,P07237
P21953,P12694
P37108,P49458
P38117,P13804
P55899,P02768
P12319,P01854
P01233,P01215
P28068,P28067
P28068,Q6ICR9
O14836,Q9Y275
P50591,Q9UBN6
P50591,Q14790
Q13114,Q92844
Q13114,P61964
Q13114,Q7Z434
Q13114,O95786
Q13114,P62988
Q13114,Q9NPH3
P17813,P02750
Q12931,Q9BXM7
Q12931,O15392
Q12931,Q16740
Q14974,P52292
Q14974,Q16637
Q14974,P52298
Q14974,Q9BUR4
Q14974,O95149
P52292,Q15653
P52292,Q01201
P52292,P52298
Q12933,Q13077
Q12933,Q92844
Q12933,Q15750
Q12933,Q9UHD2
Q12933,Q92956
Q12933,Q99683
Q12933,P62988
Q12933,Q9UKE5
Q12933,Q99558
P62877,Q13616
P62877,Q86XK2
P62877,Q13309
P62877,P61081
P62877,Q969U6
P62877,P49427
P62877,Q13618
P62877,Q16531
P62877,Q92466
Q13616,Q15653
Q13616,O00221
Q13616,Q9UKB1
Q13616,Q9Y297
Q13616,Q969U6
Q13616,Q86VP6
Q13616,Q15843
Q13616,Q86XK2
Q13616,O75586
Q13616,O94888
Q13616,Q8N3Y1
Q13616,P41002
Q13616,Q13309
Q13616,Q5XUX0
Q13616,P62988
Q13616,Q96GG9
Q13616,Q8IWE4
Q13616,Q6PH85
Q13616,P46527
Q13616,Q76N32
Q93068,P41212
P23468,O43312
P02570,P11171
P02570,Q9Y2J2
P02570,O43491
Q13547,Q16254
Q13547,P23769
Q13547,Q92769
Q13547,Q9UKL0
Q13547,Q13227
Q13547,Q15466
Q13547,P17542
Q13547,O94776
Q13547,O60341
Q13547,O15164
Q13547,O14503
Q13547,P0C0S8
Q13547,O95983
Q13547,P41229
Q13547,Q9BSJ6
Q13547,Q96ST3
Q13547,P04198
Q13547,Q17R98
Q13547,Q9UKV8
Q13547,O95365
O15151,O15350
P62988,P49459
P62988,Q86VN1
P62988,Q99942
P62988,Q9NVI1
P62988,Q29983
P62988,O95999
P62988,P10636
P62988,P31749
P62988,Q9UNE7
P62988,Q15303
P62988,O75581
P62988,P01106
P62988,Q05195
P62988,Q93009
P62988,Q8IYW5
P62988,P16104
P62988,P46934
P62988,Q9HAU4
P62988,P63146
P62988,Q96FW1
P62988,Q13501
P62988,P55036
P62988,O15350
P62988,Q9Y6K9
P62988,Q13351
P62988,P98170
P62988,Q96PM5
P62988,Q9Y4K3
P62988,O95630
P62988,P13569
P62988,P10914
P62988,P46531
P62988,Q9HC16
P62988,P27448
P62988,O75460
P62988,P49427
P62988,Q969F2
P62988,Q16236
P62988,Q13155
P62988,Q7LG56
P62988,Q93008
P62988,P04626
P62988,P62837
P62988,P26358
P62988,Q86WV6
P62988,Q8IVH8
P62988,P49281
P62988,Q9BXL7
P62988,Q15078
P62988,Q9BXM7
P62988,Q16621
P62988,Q5S007
P62988,Q8N726
P62988,P23025
P62988,P58335
P62988,P35998
P62988,P25789
P62988,P60900
P62988,Q15011
P62988,Q13148
P62988,Q9UBU8
P62988,Q7L7L0
P62988,Q16778
P62988,P51668
P62988,P55854
P62988,Q9Y4X5
P62988,Q96EP0
P62988,Q9BYM8
P62988,Q9H0F6
P62988,P61077
P62988,O15169
P62988,Q9Y2T1
P62988,P09936
P62988,P31948
P62988,P20393
P62988,P35228
P62988,Q16891
P62988,Q96AP0
P62988,Q9Y468
P62988,Q16875
P62988,O94925
P62988,O43561
P62988,Q13191
P62988,P51810
P62988,P60484
P62988,P07737
P62988,P13010
P62988,O76064
P62988,O96017
P62988,Q6NZ36
P62988,O94888
P62988,Q13489
P62988,Q96CA5
P62988,Q9UKV5
P62988,Q13572
P62988,Q9UK80
P62988,P54725
P62988,Q96RL1
P62988,O43541
P62988,O15105
P62988,P12755
P62988,Q9BZQ4
P62988,Q9UHD9
P62988,P40818
P62988,Q9Y4E8
P62988,P22314
P62988,Q9UHH9
P62988,Q13330
P62988,Q99496
P62988,Q99543
P62988,Q6PCD5
P62988,P50549
P62988,Q8N5C8
P62988,Q9NYJ8
P62988,P14866
P62988,P11388
P62988,Q9UMX0
P62988,P45974
P62988,P61086
P62988,A0AVT1
P62988,O14933
P62988,O00762
P62988,Q96G74
P62988,Q15652
P62988,Q14676
P62988,Q16186
P62988,Q13127
P62988,O75385
P62988,O95863
P62988,Q969U6
P62988,Q9Y4R8
P62988,O43156
P62988,P22460
P62988,Q8IXI2
P62988,Q15388
P62988,Q70CQ3
P62988,O95786
P62988,Q96J02
P62988,Q9BYX4
P62988,Q7Z434
P62988,Q96BY2
P62988,Q9H3D4
P62988,O60260
P62988,Q96SW2
P62988,O14770
P62988,P04234
P62988,P46527
P62988,Q9UMW8
P62988,P41220
P62988,Q13422
P62988,Q13490
P62988,Q9NRM7
P62988,P48729
P62988,Q96CG3
P62988,P29475
P62988,Q92522
P62988,O60784
P62988,O95140
P62988,Q02363
P62988,Q86YC2
P62988,P21580
P62988,P50542
P62988,P36405
P62988,Q9H082
P62988,P61956
P62988,Q13200
P62988,Q53EL6
O14757,P30307
O14757,Q13535
P35244,P15927
P35244,P27694
P35244,O00255
P35244,Q13156
P35244,Q86WJ1
P15927,P78527
P15927,P23025
P15927,P13051
P15927,P22674
P15927,P12956
P15927,O00255
P15927,P27694
P15927,Q86WJ1
P15927,P49643
P30307,Q14738
P30307,P53350
Q16254,Q96JM7
P78527,P12956
P78527,P27694
P78527,P13010
P78527,Q86WJ1
P78527,P23025
P78527,P49450
P78527,P68431
P78527,Q6UYC3
P78527,O43439
P12956,P13010
P12956,Q86WJ1
P12956,P49450
P12956,P68431
P12956,P13693
P12956,P46063
P12956,Q13426
P12956,Q9BUH6
P27694,P23025
P27694,Q14565
P27694,O00255
P27694,Q13156
P27694,Q8TDG4
P23025,P07992
P23025,O95714
Q14565,P51587
Q14565,Q96B01
O15350,Q8WUF5
O15350,Q9H3D4
O15350,P54278-1
O15350,Q7Z419
O15350,Q96J02
O15350,P43356
O15350,Q8IUQ4
O60566,O43684
O60566,O00203
O60566,Q9Y6B7
O60566,Q10567
O60566,Q12834
O60566,P30260
O60566,Q9UJX5
O60566,Q13257
O60566,Q8NG31
O60566,Q15013
O43684,Q13257
O43683,Q10567
O43683,O00203
O43683,Q9Y6B7
O43683,Q8NG31
O00203,Q9Y496
O00203,Q12955
Q15648,Q12772
Q15648,O95402
Q15648,Q71SY5
Q15648,P49336
Q15648,O60885
Q15648,P24863
Q15648,Q96RN5
Q15648,Q93074
Q15648,Q9UHV7
Q15648,O75448
Q15648,Q9NVC6
Q15648,Q9Y2X0
Q15648,O60244
Q15648,Q9ULK4
Q15648,P15976
P17275,P15408
P17275,Q03112
P17275,P56279
P51587,P60896
P51587,Q86YC2
P51587,O14980
P51587,P51784
Q8IWY9,O95257
Q8IWY9,P24522
O75714,P35249
P35249,O75943
Q96C41,Q92547
P39748,P57081
Q9UK52,Q9NS83
Q9UK52,Q9UK53
Q9NS83,Q9UK53
Q00535,Q15078
Q00535,P07814
Q8N726,P49459
Q8N726,Q9NXV6
Q8N726,P06748
Q8N726,D4HL82
Q8N726,Q13330
O00716,Q96JM7
O00716,Q969R5
O00716,Q15906
O00716,Q9H0E9
P31350,P23921
P31350,O00429
P23921,Q9NTD8
P07992,Q92889
P07992,O76064
O00255,Q00653
O00255,P17535
O00255,Q03164
O00255,Q9UMN6
Q00653,Q93008
Q00653,Q01201
Q00653,P41279
Q00653,Q15653
Q00653,Q969H0
Q00653,O15111
Q00653,O14920
Q00653,Q9Y6K9
Q00653,Q8NFZ5
Q00653,O00571
Q00653,Q92896
Q00653,P78347
Q00653,P04645
Q00653,Q02878
Q00653,Q02546
Q00653,O00221
Q00653,O15027
Q00653,Q99558
Q00653,P14921
Q00653,P15036
O75771,O43543
O75771,Q8TDG4
O43543,Q8TDG4
Q92547,Q07864
Q99708,Q13363
Q99708,Q86YC2
Q99708,O75475
Q99708,P16104
Q99708,Q92878
Q99708,P49959
Q99708,O60934
Q99708,Q9NVH0
Q99708,Q9UQ84
Q99708,P56545
Q13363,O00158
Q13363,O60619
O00158,O60619
P51532,P35232
P51532,Q01201
P51532,O14497
P51532,Q68CP9
P51532,Q86U86
P51532,Q969G3
P51532,Q12824
P51532,Q9P2D1
P51532,P11388
P51532,O14746
P35232,Q9HCU9
P78347,O15379
O15379,Q13227
O15379,Q15466
O15379,P20393
O15379,P14618
O15379,P56524
O15379,P43356
O15379,P23771
O15379,Q01664
O15379,P55040
O15379,P00558
O15379,P51608
Q15653,Q9Y2S0
Q15653,Q16342
Q15653,O15111
Q15653,O14920
Q15653,Q13576
Q15653,P42704
Q15653,P23508
Q15653,P46199
Q15653,Q9UJF2
Q15653,Q8NBA9
Q15653,P52434
Q15653,P52436
Q15653,O15160
Q15653,Q9H9Y6
Q15653,O95602
Q15653,O15446
Q15653,Q9UKB1
Q15653,Q9Y6K9
Q15653,P63208
Q93008,Q7Z6Z7
O00743,O00221
O00221,Q9UKB1
O00221,O15111
O00221,O15084
O00221,O75170
O00221,Q9UPN7
O00221,P63208
Q13233,Q16543
Q13233,O15491
Q13233,P04645
Q13233,P36578
Q13233,Q02546
Q13233,Q13451
Q16543,Q99558
Q16543,O15111
Q16543,O14920
Q16543,Q14164
Q16543,Q9Y6K9
Q16543,Q99759
Q16543,O43318
Q16543,Q9UHD2
Q99759,P35214
Q99759,Q04917
Q99759,P27348
Q99759,Q13163
Q99759,Q9UHV9
Q99759,Q9NUG6
Q99759,Q9BSQ5
Q01201,Q8TAQ2
Q01201,O43539
Q01201,Q12824
Q01201,Q13843
Q01201,P51784
Q01201,O96019
Q01201,O60684
Q01201,Q92785
Q01201,Q8IWH2
Q01201,Q9UBN7
P54278,P40692
Q8NFZ5,P41279
Q9UKB1,P63208
Q9UKB1,Q13127
Q9UKB1,Q76N32
O95163,Q9BTM9
O95163,Q6IA86
P33992,Q9Y468
O15111,Q13451
O15111,O14920
O15111,Q9Y6K9
O15111,Q99558
O15111,Q15796
O15111,P84022
O15111,Q96RR5
O15111,O14965
O15111,Q9H0F6
O14920,Q9Y6K9
O14920,Q99558
O14920,O14965
O14920,Q96RR5
O14920,Q9UKE5
O14920,Q9UDY8
O14920,P48729
O14920,Q9H0F6
O14920,O95999
O14920,P21580
P52434,P19387
P52434,Q96B02
P35606,A2RRP1
P35606,Q6NUQ1
P35606,O43264
P35606,Q9P2Y5
P35606,O60341
Q9Y6K9,Q86YW3
Q9Y6K9,Q9UHD2
Q9Y6K9,Q99558
Q9Y6K9,Q9NVQ0
Q9Y6K9,Q9H619
Q9Y6K9,O95999
Q9Y6K9,O14965
Q9Y6K9,O95817
Q9Y6K9,Q9H0F6
Q9Y6K9,Q9BYM8
Q9Y6K9,Q96EP0
Q969H0,P63208
Q969H0,P46531
O00505,Q9GZX7
O00571,P49450
P04645,Q99558
Q02878,Q99558
Q02546,Q99558
Q99558,P22087
Q99558,P36578
Q99558,P25120
Q99558,P04643
P22087,Q9Y6D6
P22087,Q9NR30
P22087,Q9Y2X3
P51787,Q9Y4K3
P51787,P62158
Q9Y4K3,Q15008
Q9Y4K3,P28074
Q9Y4K3,P35998
Q9Y4K3,P17980
Q9Y4K3,Q99460
Q9Y4K3,O00232
Q9Y4K3,Q9UNM6
Q9Y4K3,O43242
Q9Y4K3,P51665
Q9Y4K3,Q03527
Q9Y4K3,Q13501
Q9Y4K3,Q9NYJ8
Q9Y4K3,P61088
Q9Y4K3,P32121
Q9Y4K3,P61964
Q9Y4K3,Q7Z434
Q9Y4K3,Q9UKE5
Q9Y4K3,Q9NPH3
Q9Y4K3,Q9C0C7
Q9Y4K3,O75385
Q9Y4K3,Q96CG3
Q92844,Q9UHD2
P35998,P54727
Q13451,Q14164
Q13451,O43318
Q13451,P08238
Q14164,Q86UP2
Q14164,Q86WV6
Q14164,Q9BYX4
Q9UHD2,O94873
Q9UHD2,Q9H6S1
Q9UHD2,Q86WV6
Q9UHD2,Q8IUC6
P36578,P60866
P36578,Q9H0U6
P36578,P46777
P36578,P62753
Q04917,P46937
Q04917,P36405
P27348,P62258
P27348,P61981
P27348,P36405
O14727,P55211
P55211,P98170
P55211,P55210
P55211,P43146
P98170,Q9NR28
P98170,Q9Y239
P98170,Q9HC29
P98170,O43353
O15519,Q9UER7
O15519,Q14790
Q8TAQ2,Q9P2D1
Q8TAQ2,Q969G3
Q8TAQ2,O14746
Q12824,Q9P2D1
Q12824,P62158
Q12824,Q969G3
Q15750,O43318
Q15750,Q9NYJ8
O43318,Q9NYJ8
O43318,Q9UKE5
O43318,Q9H2X6
Q9NYJ8,Q9UKE5
Q9UER7,Q9NS23
Q9UER7,P62805
Q9UER7,P84243
Q9UER7,Q71DI3
Q9UER7,P68431
Q9H9Y6,O60934
P51784,Q86YC2
O95602,O60934
P33993,Q9Y468
P33993,Q9BVW5
O15446,O60934
P51665,P60900
P46013,Q9NS87
P46013,Q9BYG3
P46013,P83916
P83916,Q7Z589
P83916,Q5FBB7
P01106,O75592
P01106,Q9Y4A5
P01106,Q92830
P01106,O75486
P01106,O75478
P01106,Q15393
P01106,Q9Y230
P01106,Q99741
P01106,Q99471
P01106,Q96L91
P01106,D4HL82
P01106,O95983
P01106,Q96GN5
P01106,Q9C0C7
P01106,Q13526
O75592,P20393
Q92830,O75529
Q92830,O75486
Q15393,Q96NB3
Q15393,Q9ULR0
Q9Y230,Q9Y265
Q9Y230,P49450
Q9Y230,Q8NCD3
Q9Y230,O76064
Q99741,P53350
Q99471,Q8N3Y1
P51531,O94906
P51531,Q07666
P51531,O14746
Q07666,P25054
P24928,O00267
P24928,Q16637
P24928,O94762
P24928,P19387
P24928,P23193
P24928,Q9UPY3
P24928,Q9NQG5
P24928,Q96P16
P24928,Q8IXW5
P24928,Q6P1J9
P24928,P50750
P24928,O75909
P24928,Q9NYV4
P24928,O14744
P24928,Q7Z333
P24928,Q9H7E2
P24928,Q9H0D6
Q9BWU1,P24863
O00267,P50750
O00267,P63272
O00267,P19387
P50750,O60563
P50750,O94992
P50750,Q4G0J3
P50750,P49336
P50750,P23193
P50750,O60885
P50750,Q9NR30
P50750,Q6P1J9
P50750,Q8N7H5
Q9UBU8,Q96HT8
Q9UBU8,Q9NV56
Q9UBU8,Q96QT6
Q9UBU8,Q86YC2
Q7Z417,Q06787
O00330,P09622
P08238,P53041
P08238,O00170
P08238,Q02790
P08238,P31948
P08238,Q9H6T3
P53041,P28223
P53041,Q49AN0
P53041,P49674
P53041,Q16526
Q8WTS6,Q15545
Q8WTS6,P26358
Q8WTS6,P40763
Q8WTS6,Q96EB6
Q15545,O60563
Q15545,Q16619
Q15545,P43268
Q93009,Q9UQR0
Q93009,P33991
Q93009,P60484
Q93009,P12955
Q96BH1,P61077
Q96BH1,Q969F2
P61077,O95155
P61077,Q13490
Q96QK1,O75436
Q96QK1,Q9UBQ0
O75436,Q9UBQ0
P63165,P46060
P63165,Q9P0U3
P63165,Q9HC62
P63165,P29590
P63165,P19419
P63165,Q02078
P63165,P10914
P63165,Q00613
P63165,Q9UBT2
P63165,Q13263
P63165,Q12873
P63165,O00180
P63165,O75030
P63165,P26367
P63165,P22460
P63165,P06748
P46060,Q9BTM9
Q9UFF9,Q14671
Q9UFF9,Q9NZN8
O60609,Q5T4W7
Q5U5U6,P15374
Q5U5U6,O75604
Q7L804,P62491
P62491,O75154
P62491,Q96QF0
P62491,O60447
P62491,Q86YS3
P62491,P84085
P62491,Q9H6L5
P62491,Q9UBF8
P62491,P42858
Q15459,Q9UNP9
Q6ZYL4,Q92759
Q9UKV8,P26196
Q9UKV8,Q9UL18
Q9UKV8,Q9UPQ9
Q9UKV8,Q9UPY3
Q9UKV8,Q15633
Q9UKV8,Q9HCJ0
Q9UKV8,O94776
Q9UKV8,Q15910
Q9UKV8,O14980
Q9UKV8,Q08211
Q9UKV8,P11388
Q9UKV8,Q5S007
Q9UKV8,Q13541
Q9UKV8,Q15631
Q9UKV8,Q99598
Q9UKV8,Q8NDV7
Q9UKV8,P04156
P26196,Q9NPI6
P26196,Q9BTM9
Q9UL18,Q9UPQ9
Q9UL18,P04156
Q9UL18,O14980
Q9UL18,Q8NDV7
Q9Y6X3,Q6KC79
Q9UQE7,O60216
Q9UQE7,Q8WVM7
Q9UQE7,Q8N3U4
Q9UQE7,Q14683
Q9UQE7,P78406
O60216,Q7Z5K2
O60216,Q8WVM7
O60216,Q8N3U4
O60216,Q14674
O60216,Q14683
O60216,Q5FBB7
Q9Y294,P54198
Q9Y294,Q13112
Q9Y294,P62805
Q9Y294,P68431
Q9Y294,P84243
Q9Y294,P49736
Q9Y294,Q71DI3
P54198,Q9NVP2
Q9NVP2,Q13112
Q9NVP2,P68431
Q9NVP2,P84243
Q9NVP2,P49736
Q13112,P68431
Q9P0U3,P61956
P61956,Q9HC62
P61956,Q02078
P61956,Q8IZU3
P61956,P22460
Q9HC62,P55854
P55854,P22460
P55854,P06748
Q00722,P63000
P63000,Q13153
P63000,Q9Y2A7
P63000,Q92558
P63000,Q9NYB9
P63000,Q8WUW1
P63000,Q7L576
P63000,O75962
P63000,Q9BVA6
P63000,Q6P589
P63000,Q9Y6W5
P63000,Q14155
P63000,P52306
P63000,Q8TCU6
P62837,Q15843
P62837,Q99942
P62837,Q96PM5
P62837,O95155
P62837,Q13191
P62837,Q13489
P62837,Q96CA5
P62837,Q96EP0
Q15843,P61081
Q15843,O94888
P35968,P52584
P52272,Q92973
Q92973,P09651
Q92973,P35637
P09651,P38919
Q9UL25,Q9UJ41
Q9UJ41,Q15276
P60900,P25789
P25789,Q16665
Q9NVI1,Q9BXW9
Q9NVI1,Q8TDG4
Q9BXW9,Q8TEX9
Q9BXW9,Q6NZ36
Q9BXW9,Q8TDG4
P67775,P30153
P67775,Q5FBB7
P67775,P31749
P67775,Q969G9
P67775,Q5VSL9
P67775,P57058
P67775,P23528
P67775,Q9C0C7
P67775,Q9ULQ0
P30153,Q969G9
P30153,P57058
P30153,Q14155
P30153,P37198
P30153,Q9C0C7
P30153,Q96GD4
Q06455,O75376
Q06455,P18583
Q06455,Q99081
O75376,Q99081
O75376,P20393
O75376,P41229
O75376,Q13127
O75376,P56524
Q99081,P17542
Q99081,Q02363
O15355,P67809
O15355,P08621
O15355,P61247
O15355,P09012
P08621,Q16637
P08621,O14893
P08621,P14678
P08621,P62314
P08621,P62316
P08621,P62318
P08621,P62304
P08621,P62306
P08621,P62308
Q96I25,Q15637
Q96I25,O75533
Q96I25,P54253
O75533,P62136
O75533,Q9Y3B4
O75533,O60306
Q9BSI4,P54274
Q9BSI4,Q96AP0
Q9BSI4,Q15554
Q9BSI4,Q9NYB0
P54274,Q9NYB0
P54274,Q96AP0
P54259,Q9ULD9
P54259,Q8WXX7
Q9ULD9,Q8WXX7
Q9BXM7,O60260
Q9BXM7,O95140
P10515,Q15120
Q02297,P21860
P21860,P04626
P11717,P01344
P01344,P08833
P01344,P17936
Q8WTT0,P30273
Q8WUF5,Q9H3D4
Q9H3D4,Q14457
Q9H3D4,Q96J02
Q9NUX5,Q96AP0
Q9NUX5,Q15554
Q9NUX5,Q9NYB0
Q9NUX5,O14773
Q9NUX5,Q2NKJ3
Q9NUX5,Q9H668
Q96AP0,Q15554
Q96AP0,O14746
Q96AP0,Q9NYB0
Q6P2Q9,Q7KZF4
Q6P2Q9,Q9BTM9
Q6P2Q9,O75643
Q7KZF4,Q96J94
Q6UWZ7,Q96RL1
Q6UWZ7,Q5TZ93
P04180,P02647
Q13257,Q12834
Q13257,Q9Y6D9
Q13257,P30260
Q13257,Q9UJX5
Q12834,Q9UJX5
Q12834,P30260
Q9Y6D9,Q02224
P16435,P99999
Q9Y5N6,P17096
Q9Y5N6,O43929
Q9Y5N6,O43913
Q9Y5N6,Q13416
Q9Y5N6,Q9H211
P17096,Q13416
P17096,Q13415
Q13416,O43929
Q13416,O43913
Q13416,Q13415
Q13416,Q9UBD5
Q13415,Q9UBD5
Q13415,O43913
Q13415,O43929
Q8NBP7,P01130
P01130,P02749
P53350,O95251
P53350,O96017
P53350,Q9H0H5
P53350,O43663
P53350,Q71F23
P53350,Q9NYY3
P53350,Q6PGQ7
P53350,O14965
P53350,Q9Y2T1
P53350,P54132
P53350,Q9Y297
P53350,Q76N32
P53350,Q38SD2
P53350,P60484
P25116,P00734
P25116,Q9UNN8
P25116,O00254
P00734,P05154
P00734,P00451
P23769,P24468
P24468,Q13485
P31749,Q14643
P31749,Q9UNE7
P31749,P10636
P31749,Q05195
P31749,O15530
P31749,Q86V81
P31749,Q12778
P31749,Q92945
P31749,P32121
P31749,Q16512
P31749,P26358
P31749,Q5T1C6
P31749,Q9BPZ7
P31749,Q6ZVD8
P31749,Q14457
Q14643,P14619
Q14643,O76074
Q14643,Q53ET0
Q15796,Q9HAU4
Q15796,Q9GZU7
Q15796,O15194
P84022,P17844
P84022,Q9NRR4
P84022,Q96PU5
Q16665,O43524
Q16665,P46531
Q16665,Q9NWT6
Q16665,P40337
Q16665,Q9GZT9
Q16665,P11474
Q16665,P27540
Q16665,Q9C0J9
Q16665,P15941
Q16665,P17861
Q16665,P09467
Q16665,P46937
Q01973,P41221
O95999,Q9BXL7
O95999,Q9UDY8
O95999,P48729
O95999,Q9Y297
Q9Y6D6,P05455
Q9Y6D6,P37198
Q9Y6D6,Q9Y6D5
Q9Y6D6,Q14432
Q9Y6D6,P10644
Q9Y6D6,Q14678
Q9Y6D6,Q7Z4S6
Q9UNE7,P10636
Q9UNE7,P11142
Q9UNE7,Q5S007
P10636,Q02790
P10636,Q13501
P10636,Q92743
P60842,Q53EL6
P60842,Q04637
P60842,P78344
P60842,P49450
P60842,P11940
P60842,Q9BWF3
P60842,Q99814
Q96EB6,O95352
Q96EB6,Q9H1Y0
Q96EB6,Q9GZQ8
Q96EB6,P29474
Q96EB6,Q8N163
Q96EB6,Q12778
Q96EB6,Q13572
Q96EB6,O43463
Q96EB6,O14640
Q96EB6,Q92997
Q96EB6,P68400
Q96EB6,O14641
Q96EB6,Q03164
Q9H1Y0,Q7Z434
Q9H1Y0,O95786
Q9H1Y0,Q9BYX4
Q9H1Y0,Q676U5
Q9H1Y0,Q8TDY2
Q9GZQ8,Q13501
Q9GZQ8,P46821
Q9GZQ8,O75665
Q9GZQ8,Q15154
Q9GZQ8,Q9BQS8
Q9GZQ8,Q9UPN4
Q9GZQ8,Q14145
Q9GZQ8,O75143
Q9GZQ8,Q9BSB4
Q9GZQ8,O75385
Q9GZQ8,Q8TDY2
Q9GZQ8,Q9H6L5
Q9GZQ8,Q8NC44
Q9GZQ8,Q86VR2
Q9GZQ8,P20700
P37198,P30154
P37198,Q86VP6
P37198,Q9BPX3
P46934,P05161
P46934,Q9HAU4
P05161,P41226
P05161,Q9UMW8
P26651,Q92841
P26651,A5YKK6
Q92841,Q9NQT5
Q92841,Q9NQT4
Q92841,P49450
Q92841,Q8IU60
Q92841,Q9NRR4
Q92841,Q9NPI6
Q9NQT5,Q7Z2W4
Q9NQT4,Q7Z2W4
Q15303,Q96J02
Q15303,P04626
Q15303,Q13895
Q15303,Q12815
Q96J02,O75113
P31947,Q8WUI4
Q8WUI4,Q9BZS1
P55265,Q92900
Q92900,Q9HAU5
Q92900,Q9BZI7
Q92900,O15234
Q92900,P06730
Q92900,Q09161
Q92900,Q86U42
Q92900,P11940
Q92900,Q9BTM9
Q92900,Q14493
Q92900,P61326
Q92900,Q9Y5S9
Q92900,P38919
Q9UNG2,Q9Y5U5
O75581,O94907
O75581,Q9UBU2
O75581,Q9BQB4
O75581,P56704
O75581,Q9ULT6
O75581,P22692
O75581,P57078
O75581,O15169
O60563,O94992
O60563,P49336
O60563,P23193
O60563,O60885
O60563,Q6P1J9
O60563,Q8N7H5
O60563,Q6PD62
Q9Y676,P52815
Q9Y676,Q7Z7H8
Q9Y676,Q9BZE1
Q9Y676,Q9BRJ2
Q9Y676,P82664
Q9Y676,Q92552
Q96L91,Q9Y265
P46531,Q92585
P46531,Q06330
P46531,P78504
Q92585,Q06330
Q8WUM4,Q9H444
Q8WUM4,Q9BY43
Q8WUM4,O75340
Q8WUM4,Q53EZ4
Q8WUM4,Q96CF2
Q8WUM4,P17931
Q8WUM4,Q99961
Q8WUM4,Q90VU7
Q9H444,Q9H3S7
Q9H444,Q5VW32
Q96RL1,Q5TZ93
Q96RL1,Q53YX5
Q96RL1,Q14676
Q9Y265,P35398
Q9Y265,P49450
Q9Y265,Q8NCD3
Q14D14,Q99996
Q99996,Q96SN8
P34741,O75056
P34741,P31431
P34741,Q13009
O75056,P31431
O75056,Q13009
P31431,Q13009
Q9UJU2,P49789
Q9UJU2,P11473
Q01718,Q8TCY5
Q01718,Q96G30
Q8TCY5,Q01726
Q8TCY5,P41968
Q8TCY5,P32245
Q8TCY5,P33032
Q8TCY5,Q96G30
Q53ET0,Q15233
Q53ET0,P18850
Q15233,Q8WXF1
Q15233,O60356
P80188,P14780
P80188,Q9BTM9
Q9Y2R2,Q05655
Q05655,P57078
Q16611,Q07817
Q16611,P55957
Q16611,Q8IWA4
Q16611,O95140
Q16236,Q14145
P07910,Q12906
Q12906,P22626
Q12906,P14866
P53618,Q9Y678
P53618,P61923
P53618,P24390
Q9Y678,P61923
Q14527,P61088
Q14527,Q15819
Q14527,Q9NS91
Q14527,P63146
Q14527,Q149N8
P61088,Q13404
P61088,Q96FW1
P61088,Q149N8
Q15819,Q149N8
Q9NS91,P63146
Q9NS91,Q149N8
P63146,Q7L7L0
P63146,Q8IWV7
P63146,Q149N8
P43220,P49407
P49407,P08588
P49407,P25101
P49407,O15169
P49407,P35408
Q05195,P23443
Q05195,Q15418
Q15418,P46527
O60784,Q9H0E2
O60784,Q9UM54
P06730,Q13541
P06730,Q04637
P06730,Q13542
P06730,P62753
P06730,O43432
P06730,P11940
P06730,Q09161
P06730,Q9BWF3
P09917,Q14019
Q04637,P11940
Q04637,Q9BWF3
P60896,O60318
P60896,Q5JVF3
O75496,Q9H211
O75496,Q9UKT4
Q9H211,O14777
Q9H211,Q9BZD4
Q13153,P60953
Q13153,Q15365
Q13153,P63167
Q13153,Q99426
Q13153,P36871
Q13153,P62424
Q13153,P46776
Q13153,Q13243
Q13153,Q01130
Q13153,P60228
Q13153,Q99729
P60953,P46940
P60953,O60880
P60953,Q14155
P60953,Q9GZM8
P60953,O15085
P60953,Q9BVA6
P60953,Q9NR80
P60953,Q9UQB8
P60953,Q8TCU6
P61586,Q9BST9
P61586,O15085
P61586,P46527
P55884,O75821
P55884,Q7L2H7
P55884,O00303
P55884,O15372
P55884,Q9UBQ5
P55884,Q9Y262
P55884,P60228
O75821,Q13347
Q9BZI7,Q9HAU5
Q9BZI7,P38919
Q9BZI7,P61326
Q9BZI7,O15234
Q9BZI7,Q9H1J1
Q9HAU5,Q9H1J1
Q8IU60,Q9NPI6
Q8IU60,Q9NPJ4
Q8IU60,Q7Z2W4
Q9NPI6,Q6P2E9
Q9NPI6,Q96F86
Q9NPI6,Q8IZD4
Q9NPI6,Q9NPJ4
Q9NPI6,Q7Z2W4
Q9NPI6,Q92636
Q16637,P14678
Q16637,Q9UHI6
Q16637,O14893
Q16637,Q9BUR4
Q16637,P38432
Q16637,Q7Z333
Q16637,O14744
Q16637,Q9H0D6
P14678,Q8WXD5
Q15831,Q9Y376
Q15831,Q7RTN6
Q15831,O95835
Q15831,Q9P0L2
Q15831,P22736
Q9Y376,Q7RTN6
Q9Y376,Q9P289
O95835,Q14160
O95835,Q9P0L2
O95835,O43255
O95835,P46937
P84077,Q99418
P84077,Q8N3Y1
Q99418,Q99836
O96020,Q9UQR0
P30281,O94921
P25205,P49736
P25205,Q9Y468
P25205,P68431
P49736,O75419
P49736,Q9BRX5
P49736,P62805
P49736,Q9Y468
P49736,P68431
P49736,Q14566
P49736,P49450
P49736,Q8NCD3
P49736,Q71DI3
Q92769,Q9P0M6
Q92769,P17542
Q92769,Q15022
Q92769,Q92833
Q92769,O15164
Q92769,P41229
Q92769,Q13127
Q92769,Q9BSJ6
Q92769,Q17R98
Q92769,O95365
Q99836,O43187
Q99836,P58753
Q99836,Q9NWZ3
O43187,Q9NWZ3
Q8WWW0,Q13043
Q8WWW0,Q13188
Q13043,Q9H4B6
Q13043,Q12778
P46940,P19022
O14497,P11388
P11940,Q9HCJ0
P11940,Q09161
P11940,Q86U42
P11940,Q9BWF3
Q9NRR4,Q8WYQ5
Q9NRR4,Q8TAD8
Q9NRR4,Q92945
Q9NRR4,Q15797
Q9NRR4,P17844
Q9NRR4,Q99717
Q8WYQ5,Q92945
P54132,Q9H9A7
P54132,Q96E14
P54132,Q9UQ84
P54132,P42677
Q9H9A7,Q13472
Q9H9A7,Q96E14
P46527,Q9UQR0
Q07817,Q9C000
Q07817,P55957
Q07817,P21796
Q07817,O00429
Q07817,Q14790
P13569,O14745
P13569,P31948
Q68CP9,Q9P2D1
Q86U86,Q9P2D1
P13010,Q8IW19
P13010,Q86WJ1
P13010,P49450
P13010,P68431
P13010,O76064
P13010,P13693
P13010,P46063
P13010,Q9BUH6
Q9UPY3,Q15633
Q9UPY3,O14980
Q9UPY3,Q92945
Q9UPY3,P04156
O60934,Q14676
O60934,P49959
O60934,Q15554
O60934,Q7LG56
O60934,P42338
O60934,Q13428
Q14676,P16104
Q14676,O76064
Q14676,O96028
Q14676,Q15652
P16104,P49959
P16104,Q86WJ1
P16104,Q92878
P16104,Q9UIG0
P16104,P13693
P16104,Q99504
P16104,Q8WX80
P16104,O00213
Q14790,P48023
Q14790,P10451
Q14790,P21580
Q9HCN6,P06241
Q9HCN6,P07947
Q9HCN6,Q06187
Q9HCN6,P46109
Q9HCN6,Q15811
P06241,O60880
P06241,Q9H5V8
O43189,Q15910
Q15910,Q15022
Q15910,O75367
Q15910,Q9P0M6
Q15910,O14980
Q15910,Q92833
Q15910,O75530
Q15910,P0C0S8
P38919,P61326
P38919,Q9Y5S9
P38919,O15234
P38919,Q16629
P38919,Q9HCG8
P61326,Q9Y5S9
P61326,O15234
P61326,Q9BRP8
Q9Y5S9,O15234
P07947,Q9H5V8
P49959,Q15554
P49959,Q7LG56
P49959,Q92878
P49959,Q9NVH0
P10644,P17612
P10644,Q14432
P10644,Q9Y6D5
P10644,Q9GZX7
P17612,Q9HC16
P17612,Q9GZX7
P17612,P31323
Q15554,Q9NYB0
Q15554,Q96QC0
Q15554,Q8NEM0
Q15554,Q92878
Q15554,Q9H816
Q9NYB0,Q8NEM0
Q9NYB0,Q96QC0
P43246,P20585
P43246,P52701
P52298,Q09161
Q09161,Q86U42
O43463,Q9H9B1
O43463,Q96KQ7
O43463,Q15047
O43463,Q14191
P69905,Q9NZD4
P69905,P29474
P69905,P00387
Q9UBT2,Q9UBE0
Q96B01,Q86YC2
Q969G3,Q9P2D1
Q969G3,Q96GM5
Q969G3,O14746
P06756,P18564
O00268,Q15542
O00268,Q7Z7C8
O00268,O43889
O00268,Q9NS37
P01135,Q969F2
Q6P2E9,Q9H9G7
Q9NWT6,Q9BZF9
Q9NWT6,Q9UK73
Q9NWT6,Q06547
Q9NWT6,O95271
Q9NWT6,O75832
Q9NWT6,O14974
Q9NWT6,Q8WVL7
Q9NWT6,P58546
Q9NWT6,Q13418
O95786,Q7Z434
O95786,O94817
O95786,Q86WV6
O95786,Q96C10
O95786,Q96EQ8
O95786,Q9ULZ3
Q7Z434,O94817
Q7Z434,Q86WV6
Q7Z434,Q9BYX4
Q7Z434,P61964
Q7Z434,Q07021
Q7Z434,Q86UT6
Q7Z434,Q96EQ8
Q7Z434,Q96P20
Q8IZD4,Q92636
Q8WZ42,O15273
Q8WZ42,Q5VST9
Q8WZ42,O75147
Q76LX8,P04275
Q76LX8,P00451
P04275,P00451
P04626,Q13882
P04626,Q93034
P04626,P14625
Q9NVA2,Q99719
Q99719,Q15019
Q99719,Q14141
Q99719,Q16181
Q8IYW5,Q15652
Q8IYW5,P07305
Q8IYW5,Q7L7L0
Q8IYW5,Q92522
Q8IYW5,P16403
Q5FBB7,Q53HL2
Q5FBB7,Q14683
Q5FBB7,Q8N3U4
Q5FBB7,Q96FF9
Q5FBB7,Q29RF7
Q5FBB7,Q7Z5K2
Q5FBB7,Q9NTI5
O43157,Q92730
O43157,Q92854
Q92730,Q9NRY4
Q01196,Q13951
Q01196,P17542
Q01196,Q9BZS1
Q13951,Q93034
Q13951,Q15369
Q99683,Q99828
Q99683,P46734
Q99683,Q96HS1
P40337,Q13617
P40337,Q15369
P40337,Q15370
P40337,P14866
O14965,Q9ULW0
O14965,Q9Y297
O14965,Q9NQS7
O14965,O15392
O14965,O75330
O14965,Q6PGQ7
O14965,Q96R06
Q9ULW0,O75330
Q13188,Q9H8S9
P25054,Q9NR80
P25054,Q14114
P25054,Q9UNN8
P16109,Q14242
O95760,Q01638
P49917,Q13426
Q13426,Q9H9Q4
P63208,Q8N3Y1
P63208,Q969U6
P63208,Q9UKT8
P63208,Q9Y297
P63208,Q9Y3I1
P63208,Q86XK2
P63208,Q13309
P63208,Q6PJ61
P63208,Q13503
P63208,Q9UKT7
P63208,P41002
P63208,Q9UK99
P63208,Q9UK97
P63208,Q9NVF7
P63208,P57775
P63208,Q5XUX0
P63208,Q76N32
Q8N3Y1,P40227
Q8N3Y1,P61758
Q8N3Y1,Q9H0W5
Q8N3Y1,O75147
Q8N3Y1,Q15645
Q8N3Y1,O14737
Q8N3Y1,Q14999
Q8N3Y1,Q13617
Q8N3Y1,Q92526
Q8N3Y1,Q99832
Q8N3Y1,P78371
Q8N3Y1,P49368
Q969U6,Q12929
Q969U6,Q16531
Q969U6,Q13098
Q969U6,Q9BT78
Q7L523,Q9HB90
Q7L523,Q9Y2Q5
Q7L523,Q8NBW4
Q7L523,Q6IAA8
Q7L523,O75140
Q9HB90,Q5VZM2
Q9HB90,Q6IAA8
Q9HB90,Q9Y2Q5
Q9HB90,Q8NBW4
Q9HB90,Q8N122
Q9HB90,O75140
Q15633,Q92945
Q5VZM2,Q6IAA8
Q5VZM2,Q9Y2Q5
Q5VZM2,Q8NBW4
P11177,P08559
O96017,O76064
P49674,O15055
P49674,Q49AN0
P49674,O15534
O15055,P48730
P24863,P49336
P24863,Q9BTT4
P24863,P15976
P49336,Q12772
P49336,O95402
P49336,Q96RN5
P49336,Q71SY5
P49336,Q93074
P49336,Q9UHV7
P49336,Q9ULK4
P49336,Q9Y2X0
P49336,O75448
P49336,Q9NVC6
P49336,O60885
P49336,O60244
Q92466,Q16531
Q92466,Q13619
Q92466,Q01831
Q16531,Q13620
Q16531,Q13619
Q16531,Q8N5D0
Q16531,Q8TEL6
Q16531,Q8WV16
Q16531,Q96JK2
Q16531,Q5TAQ9
Q16531,Q5T6F0
Q16531,Q58WW2
Q16531,Q9H9F9
Q16531,Q9ULG1
Q16531,Q96SW2
O76064,Q15652
O76064,O95714
O76064,Q9UMS4
O76064,P12270
O76064,Q92889
Q13501,P60520
Q13501,O95166
Q13501,Q12923
Q13501,O75385
Q13501,P42858
Q13501,P50542
O15392,Q96GD4
O15392,Q53HL2
O15392,P36969
O15392,O75127
O15392,Q96CB9
O15392,Q96DA6
O15392,Q99807
O15392,Q16740
O15392,Q15907
Q96GD4,Q9NQS7
Q96GD4,Q53HL2
Q96GD4,Q15691
Q96GD4,Q15003
Q14141,Q15019
Q14141,Q16181
Q15019,Q16181
Q06190,Q969G9
Q9HAU4,O15105
Q9HAU4,Q15797
Q9Y2A7,Q7L576
Q9Y2A7,Q92558
Q9Y2A7,Q9Y6W5
Q7L576,Q92558
Q7L576,Q9Y6W5
Q9UKL0,O60341
Q9UKL0,P17542
Q9UKL0,Q13127
Q9UKL0,Q96BD5
O60341,P17542
O60341,P68431
O60341,P05771
O60341,Q16512
O60341,P40763
O60341,Q96BD5
O60341,Q96KQ7
O60341,O14646
O60341,Q9H0D6
O60341,Q8NE71
O60341,O95782
O60341,Q9UNZ5
O60341,Q9GZR7
O60341,Q08211
O60341,O75323
O60341,O00139
O60341,P11586
O60341,Q15147
O60341,Q06830
O60341,P23246
O60341,O95347
O60341,P84103
Q53HL2,Q9NQS7
Q53HL2,Q562F6
Q96RN5,Q12772
Q8N3U4,Q7Z5K2
Q8N3U4,Q14683
Q9BY43,Q5VW32
P05198,P19525
P19525,O75569
P19525,Q96P20
P19525,Q9C000
P19525,Q9NPP4
P19525,O14862
P18031,P42566
Q99801,P11387
Q99801,Q96KQ7
Q99801,Q9H9B1
Q99801,P30876
Q99801,Q96HI0
Q99801,Q8N720
Q99801,Q99496
Q99801,Q15717
Q9NZU7,Q13936
Q13936,P62158
Q13936,P54284
Q13936,Q08289-1
Q13936,Q02641-1
Q13936,O00499
P62158,P29320
P62158,Q9H2S1
P62158,Q9UQM7
P62158,Q13557
P62158,Q13554
P62158,Q13555
P62158,Q16566
P62158,Q14012
P62158,P19429
P62158,P02686
P62158,Q14524
P62158,Q13936
Q9C000,Q9HC29
Q9BUL8,O00506
Q9BUL8,Q9BSQ5
Q9BUL8,Q9Y6E0
Q9BUL8,Q9P289
Q9BSQ5,O00522
P17542,Q86U70
P17542,P81877
P17542,Q9BWW4
P17542,O75081
P17542,Q14839
P17542,Q12873
P17542,Q9C0K0
P17542,P12980
P17542,Q16576
P17542,P10242
Q6R327,Q9Y4R8
Q6R327,O43156
Q6R327,Q9UK97
O00167,Q15475
Q9Y6E0,Q9ULQ0
Q9Y6E0,Q5VSL9
O75340,Q13561
Q02156,Q15139
Q02156,Q86XR7
Q15139,Q7KZI7
O60880,Q13291
O60880,Q14155
O60880,Q15052
O60880,Q9BZW8
Q9UHI6,Q9BUR4
Q13094,Q08881
Q13094,O75791
Q13094,O15117
Q9Y297,Q13127
Q9Y297,P49757
Q9Y297,Q76N32
Q9Y297,O00444
Q96P20,Q9ULZ3
Q96P20,Q8TDX7
Q9ULZ3,O14862
Q96FW1,Q13404
Q12879,P78352
Q12879,Q07954
Q12879,P29475
P78352,Q9P021
P78352,Q13224
P78352,Q7LC44
P78352,Q07954
P60228,Q9Y262
P60228,Q9UBQ5
P60228,O15371
P60228,Q99613
P60228,Q14152
P60228,O15372
P60228,O00303
P60228,Q7L2H7
P60228,O75822
Q9Y262,Q9UBQ5
Q9Y262,Q14152
Q9Y262,Q7L2H7
Q9Y262,Q99613
Q9Y262,O00303
Q9Y262,O15372
Q9Y262,O75822
Q9Y262,O15371
O15169,O14641
O15169,Q5VWQ8
P29474,P60709
P29474,Q05193
Q8WXD5,P62316
Q8WXD5,P62318
Q8WXD5,P62304
Q8WXD5,Q9H840
Q8WXD5,P62314
Q8WXD5,P62306
Q8WXD5,P62308
P62318,P84090
P28676,P30626
P30626,Q13137
P30626,P40763
P02511,P02489
P02511,P22914
Q99816,O14964
O14964,Q92783
P20963,P43403
P55036,O60356
Q8WUW1,Q92558
Q92558,Q9NYB9
Q9Y6N9,Q495M9
Q9Y6N9,Q9H251
P13984,P19387
Q96B97,Q13191
Q13191,Q9BXL7
Q9NQS3,Q15223
Q9NQS3,P15151
Q9NQS3,Q92692
Q15223,Q96NY8
Q15223,P15151
Q96NY8,P84090
Q13905,P62834
Q9BX63,Q86YC2
Q9BXL7,Q92918
Q9BXL7,P48729
O15530,P78536
P46937,Q4VCS5
P46937,Q15562
P46937,O15105
P46937,O14669
P46937,O43474
P46937,P62258
P46937,Q15561
P46937,P28347
P46937,Q13131
P46937,Q13950
P46937,Q8IY63
P46937,A6NKD9
P46937,Q15678
P46937,Q9Y2J4
P46937,Q969T9
P46937,Q99594
P46937,P62136
P46937,Q9NRM7
P46937,P54619
Q9UIF7,Q9UGP5
O43502,O43542
O43502,Q8TDG4
O14744,P62805
O14744,P19387
O14744,Q9Y6K1
O14744,Q86UQ8
O14744,Q9BQA1
O14744,Q7Z333
P62805,Q16576
P62805,O14929
P62805,P68431
P62805,P49450
P62805,Q99873
P62805,Q16695
P62805,O15164
P62805,P84243
P62805,O60885
P62805,Q86UY6
P62805,Q71DI3
P62805,P07954
P62805,P57081
Q9H222,Q9H221
Q7Z6Z7,P20393
Q14145,Q86YC2
Q15788,Q96RI1
Q15788,O00482
O75899,Q9UBS5
Q96FA3,Q9NWZ3
Q14155,Q9BZW8
Q14155,Q7Z6B7
Q15382,Q13393
Q15382,O43924
Q15382,P13693
P30622,Q15691
P30622,Q14203
P30622,Q13748
P30622,Q71U36
P30622,Q9NY65
P30622,P07437
P30622,Q9UPY8
P30622,Q9H4B7
P30622,Q13509
Q15691,Q14203
Q15691,O60356
P06748,P49450
P06748,D4HL82
P06748,P68431
P06748,Q8NCD3
Q14203,Q9UNH7
Q14203,O95219
Q14203,Q13748
P19022,Q14CX7
P19022,P14923
Q15003,O95347
O95347,P0C0S5
Q8TEW0,Q13009
Q8TEW0,O15144
Q8TEW0,P42858
Q13009,Q9C0A0
Q9H4A3,O95747
P32119,P40763
Q9BV36,P51159
P30086,P16050
P23528,P53667
P23528,P57058
P53667,P57058
Q86VP6,Q13620
O95931,P35226
O95931,Q71DI3
O95931,P68431
O95931,P84243
O95931,Q99496
O95931,Q9HCE1
P35226,Q9HC52
P35226,Q99496
P35226,Q9HCE1
P35226,P78364
P35226,P0C0S8
Q9HC52,Q99496
Q9HC52,Q71DI3
Q9HC52,P68431
Q9HC52,P84243
Q9HC52,Q9HCE1
Q9HC52,O15164
Q9HC52,P42568
Q99496,Q14781
Q99496,O00257
Q99496,O95503
Q99496,Q8N488
Q99496,Q8IY57
Q99496,Q9HCE1
Q99496,P0C0S8
Q99496,P62807
Q99496,P41229
Q99496,Q13127
Q99496,Q8WXX7
Q99496,Q86SE9
Q99496,O43439
Q99496,Q9GZV8
Q14457,Q99570
Q14457,P48736
Q14457,Q6ZNE5
Q14457,Q9P2Y5
Q14457,Q9H4G4
Q14457,Q9C0C7
Q14457,P08670
Q14457,P98082
O14980,O95149
O14980,Q9GZX7
O14980,Q08211
O14980,O94776
O14980,P11388
O14980,Q96D46
Q13635,P25098
P17535,P28347
Q13617,P55072
Q13617,O94888
Q13617,Q96GG9
Q13617,Q8IWE4
Q13617,Q6PH85
Q9NZN8,O75175
Q9NZN8,A5YKK6
Q9NZN8,Q9ULM6
Q9NZN8,Q9H9A5
Q9NZN8,Q92600
Q9NZN8,Q9UIV1
Q9NZN8,Q9HCJ0
O75175,Q9HCJ0
A5YKK6,Q96LI5
A5YKK6,Q9HCJ0
P56524,P61981
P61981,P62258
P61981,P36405
Q13620,O94888
Q13620,Q96GG9
Q13620,Q6PH85
Q92934,Q92843
P05362,P20701
P61964,Q15291
P61964,Q14686
P61964,P37231
P61964,Q03164
P61964,O43823
P61964,Q9UMN6
P61964,Q9C005
P61964,Q8WXX7
Q15291,Q9UBL3
Q15291,Q14686
Q15291,P37231
Q15291,Q6P1J9
Q15291,Q9UMN6
Q15291,Q9C005
Q15291,Q8NEZ4
Q13619,P55072
Q13619,O94888
Q13619,Q96GG9
Q13619,Q6PH85
Q13619,Q96SW2
P30260,Q9UKT4
P30260,Q9UJX6
P30260,Q13042
P30260,Q9UM11
P30260,Q9UJX5
P30260,Q96FF9
P30260,O95997
Q9UKT4,Q9UM13
Q9UKT4,Q9UJX6
Q9UKT4,Q16763
Q9UKT4,Q9UJX2
Q9UKT4,Q9UM11
Q9UKT4,Q9UJX5
O00206,Q9Y6Y9
Q9Y6Y9,O95711
P55072,O95155
P55072,Q92890
P55072,Q96CS3
P55072,Q9UKV5
P55072,Q9UNZ2
P55072,P07602
P55072,Q9UNN5
P55072,Q9Y468
P55072,O94888
Q13472,Q96E14
Q9NVC6,Q9BTT4
Q9NVC6,P19387
Q9NVC6,P15976
Q9BTT4,Q93074
Q9BTT4,O75448
Q9BTT4,Q9H944
Q9BTT4,O95402
O95630,Q9HD42
O95630,Q7LBR1
O95630,Q9Y3E7
Q03164,Q9UBL3
Q03164,Q13309
Q03164,O15516
Q9UBL3,O14686
Q9UBL3,Q14686
Q9UBL3,P37231
Q9UBL3,Q6P1J9
Q9UBL3,O43823
Q9UBL3,Q9UMN6
Q9UBL3,Q9C005
Q9UBL3,Q8NEZ4
Q9UBL3,O15047
Q9UBL3,Q9UPS6
P68431,Q13111
P68431,Q14781
P68431,O00257
P68431,O95503
P68431,Q09028
P68431,O14929
P68431,Q16576
P68431,P49321
P68431,P05771
P68431,Q9UGL1
Q13111,P84243
Q13111,Q71DI3
Q7Z5K2,Q14683
Q14683,Q9NTI5
Q14683,Q29RF7
Q14683,P78406
Q14683,Q96FF9
P46821,Q9UMN6
O75586,Q12772
P42336,O00459
P42336,Q12959
Q15370,Q15369
Q15370,Q93034
Q15369,Q93034
Q9H944,P15976
Q8N122,Q9BVC4
Q8N122,Q8WUA4
Q8N122,Q9C0C7
Q8N122,Q9Y4R8
Q8N122,O43156
Q8N122,Q9UK97
Q8N122,O75385
O95477,P11532
O95477,P52732
O95477,O15269
Q9UJX6,Q16763
Q9UJX6,Q9UJX5
Q13042,Q8NHZ8
Q13042,Q9UJX5
Q6NUQ1,O43264
Q6NUQ1,A2RRP1
Q6NUQ1,Q9P2Y5
Q6NUQ1,Q9P2W9
O43264,Q9H900
O43264,P50748
O43264,A2RRP1
O43264,Q9P2W9
O43264,Q9P2Y5
Q9H900,P50748
Q99814,P27540
Q99814,Q9BWF3
Q99814,O60573
Q99814,P09467
Q8N6P7,Q9GZX6
Q9GZX6,Q969J5-2
Q9GZX6,Q969J5-3
Q9Y613,Q8WXH0
Q16576,Q15022
Q16576,Q92833
Q16576,P49450
Q16576,Q8NCD3
Q16576,Q9BSJ6
Q16576,Q17R98
P50402,P60709
P50402,Q6UYC3
P60709,P07737
P60709,Q14686
O75880,Q14061
Q14061,O43819
Q14061,Q8N4Q1
P53004,P27361
P20339,Q9P2R3
Q9P2R3,O43439
Q9P2R3,Q9GZV8
Q9HC29,P49662
Q9HC29,Q6UX06
Q9HC29,Q8IY34
Q9HC29,Q8N697
Q9HC29,Q9Y2Z0
P49662,P57764
Q96CF2,Q5VW32
Q96CF2,Q96K21
Q96CF2,Q9UN37
Q13393,P51812
P51812,P28223
Q16658,Q9HD67
Q8IZJ1,Q92859
Q8IZJ1,O95631
Q92859,Q9HB63
Q92859,O95631
Q92542,Q8NFT8
Q92542,Q14126
Q92542,Q14118
Q92542,Q6EMK4
Q92542,P16066
Q92542,Q6UX71
Q6PL18,Q9Y6Q9
Q9Y6Q9,Q86X55
O75943,P35250
O75943,P40938
O75943,P40937
Q9NVD7-1,P49023-2
Q96CS3,Q9UBV2
Q13882,Q14956
Q9HB63,P43146
O95631,O95185
O95631,P43146
O76074,P14619
O60603,Q53S69
Q15466,Q13227
Q15466,O00482
Q13227,O60907
Q9HC16,P17676
Q9HC16,Q8IUX4
Q96KQ7,Q9UBC3
Q96KQ7,Q9H9B1
Q96KQ7,Q15047
Q96KQ7,P41229
Q96KQ7,Q13127
Q96KQ7,O14646
P51151,Q8IWE5
P51151,Q13573
Q96NA2,P51149
Q96NA2,O43679
P51149,Q5T4F4
Q7L2H7,O00303
Q7L2H7,O15372
Q7L2H7,Q14152
Q7L2H7,Q99613
Q7L2H7,Q9UBQ5
Q7L2H7,O75822
Q7L2H7,O15371
O00303,O15372
O00303,Q14152
O00303,O75822
O00303,Q99613
O00303,Q9UBQ5
O00303,O15371
O00303,P28223
Q9UBQ5,Q14152
Q9UBQ5,O15372
Q9UBQ5,O75822
Q9UBQ5,O15371
Q9UBQ5,Q99613
O15371,Q14152
O15371,O15372
O15371,Q99613
O15372,Q14152
O15372,Q99613
O15372,O75822
O94813,Q9Y6N7
Q9Y6N7,Q8TEY7
Q9Y6N7,O75044
Q9Y6N7,P98171
Q9UBV2,Q9Y679-2
Q9UBV2,Q13438
Q9UBV2,Q9Y385
Q9UBV2,Q8IWF2
Q9UBV2,O75460
Q13438,Q8IWF2
Q13438,O75460
P42262,P42263
O94817,Q9BYX4
O94817,Q9NT62
O94907,Q96MU8
O94992,Q4G0J3
O94992,P23193
O94992,Q9NR30
P48546,P09681
P48546,P01275
P01275,P14735
Q13535,Q8WXE1
Q13535,Q9BW66
Q13535,Q8TDG4
Q8WXE1,Q7LG56
Q8WXE1,Q9BW66
Q9BYX4,Q96C10
Q9BYX4,Q96EQ8
Q9BYX4,Q3LXA3
Q9UKV5,P60604
Q9UKV5,Q15011
Q9UKV5,P04234
Q99613,Q14152
Q99613,P41567
Q99613,P47813
Q99613,O75822
Q96LI5,Q9HCJ0
Q96LI5,Q9UIV1
P55735,O94979
Q9UM11,Q16763
Q9UM11,Q9UJX5
Q02363,Q96HC4
Q13309,Q9UMW8
O75460,Q86TM6
O75460,P11021
Q4G0J3,P23193
Q4G0J3,Q9NR30
Q4G0J3,O60885
Q86SZ2,O43617
O43617,O75865
O43617,P49327
O43617,P27708
O43617,Q9Y2L5
O43617,P48553
O43617,Q7Z392
O43617,Q8WVT3
O43617,A5PLN9
O43617,Q9Y296
O43617,O14582
O43617,Q9Y5R8
Q9H8V3,Q9H0H5
Q9H8V3,Q02241
Q9H8V3,O00444
O43924,P36405
O43924,P01116
P36405,Q13432
P36405,Q96G28
P36405,Q9NUJ1
P36405,O95831
P36405,Q9Y2Y0
P36405,Q5TEA3
P36405,P62829
P36405,A6NIH7
O75154,P84085
O75154,P62330
O75154,Q9UBF8
O75154,Q96QF0
O75154,P18085
Q9H9A5,Q9HCJ0
O15144,P61158
O15144,P61160
O15144,O15511
O15144,O15145
O15144,P59998
O15144,Q92747
O15144,O15143
O15144,Q7Z6K5
O15144,O00401
O15144,Q9BPX5
P61158,O15143
P61158,O00401
P61158,Q92747
P61158,O15511
P61158,Q9BPX5
P61160,O15143
P61160,O15511
P61160,Q92747
P61160,Q9BPX5
O15511,O15143
O15511,Q92747
O15511,O15145
O15511,P59998
Q92600,Q9HCJ0
Q9UIV1,Q9HCJ0
O15145,O15143
O15145,Q92747
O15145,Q9BPX5
P59998,O15143
P59998,Q92747
P59998,Q9BPX5
Q92747,Q9BPX5
P18206,Q8IY67
P18206,Q9GZM8
Q96A65,Q9NV70
Q96A65,Q13496
Q9NV70,Q8IX03
Q9NV70,Q96KP1
Q9GZM8,P49023
Q9GZM8,Q9NRI5
Q9GZM8,Q16891
O94762,P19387
O94762,P30876
O94762,O15514
O94762,P62487
O94762,P36954
P19387,O15514
P19387,P52435
P19387,Q9Y5B0
P19387,Q9BQA1
P19387,P30876
P19387,Q8N201
P19387,Q7KZ85
P19387,Q9H0H0
P19387,Q9UL03
P19387,O43143
P19387,Q9NVR2
P19387,Q9H3P2
P19387,Q8WX92
P19387,Q96CB8
P19387,P18615
P19387,P23193
P19387,Q6P2C8
P19387,Q8IXH7
O43921,P54764
P54764,P52799
P54764,P52803
P54764,P52798
P54764,Q15768
P52803,P29320
Q9Y2Y0,P36404
Q8NG31,P33981
Q99497,P37840
P37840,Q9Y6H5
P32418,Q01484
Q01484,Q14654
Q01484,Q09428
Q92608,Q92556
Q92608,P15153
Q92556,O14514
P15153,Q6P589
P15153,O14939
Q02241,O43379
P49023,O14522
P49023,P13612
P15976,Q8IX07
P15976,Q13503
P15976,A0JLT2
P15976,Q9Y2X0
P15976,O60244
P29320,O14672
Q8IX03,O95219
P05019,P22692
P05019,P24593
P05019,P17936
P05019,P08833
Q14191,P42167
Q9BQA1,Q9UMN6
Q9GZX7,O15131
Q9GZX7,P52294
Q13155,P07814
Q13155,Q15046
P37231,Q14686
P37231,O43707
Q99523,P30533
Q99523,P28799
P30533,P98155
P30533,Q14114
Q92945,Q9HAV4
Q92945,Q9UMN6
P35658,Q9UMR2
Q9Y6K1,Q9UJW3
P53990,Q7LBR1
Q7LBR1,O75351
Q7LBR1,Q9UN37
O43633,Q9Y3E7
Q9Y3E7,Q9UN37
O43323,Q96QV1
P07814,Q15046
P07814,O60506
P55212,P55210
P55210,P52566
P55210,Q96RD7
Q86UQ8,P54105
Q92878,Q7LG56
Q6NZI2,O95810
Q6NZI2,Q969G5
Q15022,Q9P0M6
Q15022,Q92833
Q15022,Q92800
Q15022,O75530
Q15022,Q6ZN18
Q15022,Q09028
P32121,P08588
P32121,P25101
P32121,Q08499
P32121,P31751
P32121,O60500
P32121,P07550
P32121,P28223
P08588,P21917
Q14686,Q9UMN6
Q14686,Q8NEZ4
Q14686,O15550
Q14686,O14607
Q14686,Q6ZW49
Q14686,Q9C005
Q9UMN6,Q9C005
Q9UMN6,O75475
Q9UMN6,P51610
Q9UMN6,P52597
Q9UMN6,Q9H0J4
Q8NEZ4,Q6P1J9
O15550,Q01860
O15550,P48431
O15550,O43474
Q9C005,O43823
Q9C005,Q12830
Q9C005,O60264
Q9C005,P28370
Q9C005,Q9UGU5
Q9C005,O94776
Q9C005,Q9UPW6
Q9C005,Q8IXM2
Q9C005,Q96JM2
Q9C005,P51610
Q9C005,Q9P0U4
Q9C005,Q09028
P48736,P05771
Q00613,Q03933
Q9HCJ0,Q504Q3
Q16795,Q9NTG7
Q9NTG7,Q9NUB1
Q9NRX4,O15554
P78406,P52948
P78406,Q14980
Q14997,P62333
Q14781,Q71DI3
Q14781,P84243
Q71DI3,O00257
Q71DI3,O95503
P84243,O00257
P84243,O95503
P84243,Q86WJ1
P84243,P07954
O95503,Q9HCE1
Q96NY9,Q96AY2
Q96AY2,Q92698
Q9BTM9,Q7Z7A3
Q9BTM9,O95396
Q9BTM9,Q2VPK5
Q9BTM9,Q9Y4E8
Q9BTM9,Q96K76
Q9BTM9,Q08J23
Q9BTM9,Q15717
Q9BTM9,P02790
Q9BTM9,O15294
Q9BTM9,Q5VTR2
Q9BTM9,Q9UBU9
Q9BTM9,Q12769
Q9BTM9,Q8NC51
Q9BTM9,P16152
Q9BTM9,P55060
Q7Z7A3,Q2VPK5
Q9P2Y5,Q9Y371
Q9P2Y5,Q9P2W9
Q9P2Y5,A2RRP1
P48059,Q13418
P24723,Q16625
Q16625,P25774
O95639,Q6P1J9
Q6P1J9,P33240
Q6P1J9,Q10570
Q6P1J9,Q6PD62
Q6P1J9,Q92797
Q6P1J9,Q8WVC0
Q6P1J9,Q9P2I0
Q6P1J9,Q8N7H5
Q6P1J9,Q9UKF6
Q6P1J9,Q12996
Q6P1J9,Q6UN15
Q6P1J9,Q9GZS3
Q6P1J9,Q9NYV4
Q6P1J9,O75909
Q6P1J9,O60885
Q6P1J9,P42568
P33240,Q9H6E5
Q9P2D1,Q6STE5
Q9P2D1,Q92925
Q9P2D1,Q92922
Q9P2D1,Q96GM5
Q9P2D1,Q9NPI1
O15269,Q8N138
O15269,O15270
O15269,Q9NUV7
O15269,Q969W0
O15269,Q8NFR3
Q8NHZ8,Q9UJX5
Q7KZI7,Q7L7X3
P62753,Q9H0U6
P62753,P60866
Q01726,Q96G30
Q9H2X0,P13497
P13497,P01236
Q9Y580,Q7Z4H7
Q7Z4H7,O94927
Q7Z4H7,Q99871
Q7Z4H7,Q68CZ6
Q7Z4H7,Q9BT25
Q7Z4H7,Q96CS2
Q7Z4H7,Q9NVX0
Q7Z4H7,Q9H6D7
Q7Z4H7,Q8NHV4
Q7Z4H7,P16989
P00751,P01024
P01024,P08603
P23381,P33151
Q6PD62,O75909
Q92797,Q9P2I0
Q92797,Q9NP77
Q92797,Q9H6E5
Q92797,P51003
Q9P2I0,P51003
Q9P2I0,Q9H6E5
Q8N7H5,O75909
Q8N7H5,Q9NYV4
Q9UKF6,P51003
Q9UKF6,Q9H6E5
P15408,Q03112
Q96G30,P41968
Q96G30,P32245
Q96G30,P33032
Q9Y6D5,Q14432
O60885,Q9BZ95
O60885,O96028
O60885,Q14839
O60885,Q6NYC1
O60885,A6H8Y1
Q02817,O95994
Q96CS2,Q9H6D7
Q86YC2,Q13618
P09913,Q86WV6
Q86WV6,P09914
Q86WV6,P43308
Q86WV6,P60468
P81877,O43679
Q9BWW4,O43679
O75081,O43439
O75081,Q9GZV8
Q14839,Q17R98
Q12873,Q13263
Q12873,Q17R98
Q12873,O95365
O43505,O95461
O43505,Q8N3Y3
Q86WJ1,Q6FI13
Q86WJ1,P0C0S5
Q86WJ1,O60814
Q86WJ1,Q7L7L0
Q86WJ1,P33778
Q86WJ1,Q9Y5B9
Q86WJ1,Q9UGN5
Q9H9E3,Q9Y2V7
Q8IWF2,Q8IXB1
Q14566,O75419
Q14566,Q9BRX5
Q14566,Q9Y468
Q14566,Q9BVW5
O75419,Q9BRT9
O75419,Q9Y468
P0C0S5,P07954
Q7L7L0,Q9Y5B9
P33778,P07954
P17931,Q9BXN2
P17931,P31994
Q13586,Q96D31
Q13586,Q96SN7
Q13586,Q9BRQ5
Q13586,P48995
Q96D31,Q9BRQ5
Q96D31,P48995
Q96D31,Q13507
Q96SN7,Q13507
Q9BRQ5,Q13507
P56856,Q8N6F1
Q8N6F1,Q9Y5I7
P49281,Q9BT67
P49281,Q96PU5
O43716,Q9H0R6
O95967,P28300
P02751,P21980
P02751,P02452
Q12955,Q14524
Q96PU5,O15105
Q16602,O60894
Q96RK0,P54253
Q15287,Q9H307
Q15287,O00422
Q15287,Q9UKV3
Q9H307,O00422
Q9UQM7,Q13557
Q13557,Q13554
Q13557,Q13555
Q13557,Q92736
P61081,Q8IWE4
P61081,Q96GG9
P61081,Q6PH85
Q14152,P41567
Q14152,P47813
Q14152,O75822
P60520,Q15154
P60520,Q9H6L5
O14908,Q9UM54
O14908,P35638
Q9UM54,Q6ZVM7
Q9NRI5,Q16891
Q96MT8,Q49A88
Q96MT8,Q8WXW3
Q96MT8,Q96SN8
Q96MT8,O94986
Q96MT8,O43379
Q96MT8,Q13561
Q96MT8,P51114
Q49A88,Q15154
O00401,Q6XZF7
Q9HD42,O75351
Q9HD42,Q9UN37
Q96LR5,Q96EQ8
P68400,Q9H063
P68400,Q8WXX7
P49450,Q8NCD3
P49450,Q09028
P49450,P17844
P49450,Q8WWI1
P49450,Q8N6T7
Q8NCD3,Q09028
Q9P209,Q15154
Q9P209,Q96SN8
Q9P209,Q96R06
Q15154,O75665
Q15154,O95166
Q15154,Q96R06
Q15154,Q9UPN4
Q15154,Q8WXW3
Q15154,Q2KHM9
Q15154,Q96SN8
P04156,Q8NDV7
P42568,Q8TEK3
P42568,P51825
P42568,Q6W2J9
Q8TEK3,P55197
Q6IAA8,Q9Y2Q5
Q6IAA8,Q8NBW4
O95166,O75143
O95166,Q9H6L5
O95166,Q8NC44
O95166,Q86VR2
O95166,P20700
Q9UHD9,Q16186
Q16186,P35228
Q16186,P54725
Q8NI22,P49257
O43679,P61968
O43679,Q969G2
O43679,Q8TAP4
O43679,Q99598
O43679,Q5U651
O15105,Q9HCE7
O15105,Q6ZSG1
Q15797,P17844
Q15797,Q9GZU7
Q15797,O14595
Q15797,O15194
Q12972,P62136
P62136,P42261
P62136,Q99459
P62136,Q13362
Q5VSL9,P62714
P62714,Q9ULQ0
O94776,Q9BSJ6
O94776,Q17R98
O94776,O95365
O94776,Q8WXI9
O94776,Q9H165
Q9P289,Q9UKE5
Q09028,Q92833
Q09028,O75530
Q09028,Q9BSJ6
Q09028,Q17R98
Q7L5N1,Q99627
Q7L5N1,Q9UBW8
Q7L5N1,Q9UNS2
Q7L5N1,Q13098
Q7L5N1,P61201
Q7L5N1,Q9BT78
Q7L5N1,Q92905
Q99627,Q92905
Q99627,Q9UNS2
Q99627,Q13098
Q99627,P61201
Q99627,Q9BT78
Q99627,Q9UBW8
Q9UBW8,Q92905
Q9UBW8,Q9UNS2
Q9UNS2,Q92905
Q9UNS2,P61201
Q9UNS2,Q13098
Q9UNS2,Q9BT78
Q9UNS2,Q9H9Q2
Q13098,Q92905
P61201,Q92905
Q9BT78,Q92905
Q92905,Q9H9Q2
Q92905,O14879
Q8TAF3,P62068
Q8TAF3,O94782
Q8IXJ9,Q92560
Q504Q3,Q58A45
P33991,Q9Y468
P33991,Q9Y4E5
Q9UJX5,Q9UJX4
Q9UJX5,Q9BS18
Q9UJX5,Q9UJX2
Q9UJX5,Q9H1A4
Q9UJX5,Q96DE5
Q9UJX5,Q9UM13
Q9UJX5,Q9NYG5
Q9UJX5,P60006
Q9UJX5,Q9UJX3
Q9UJX2,Q16763
O00459,Q12959
Q9Y2Q5,Q8NBW4
Q9Y2Q5,P61421
Q9Y2Q5,Q0VGL1
Q9Y2Q5,O43504
Q9Y2Q5,P11279
Q9Y2Q5,P21281
P01008,P00740
P11388,Q08050
O60260,O95140
Q92833,O75530
Q92833,Q92800
Q92833,Q6ZN18
O75530,Q6ZN18
O75530,Q9NY59
O75530,P63244
O75530,P0C0S8
P05771,Q16512
P05771,P57078
P49792,Q8TD16
O60494,P27352
Q8J025,O75197
Q8J025,P56704
P56704,Q6P988
P62820,P50395
P50395,P61006
Q6UVW9,D3W0D1
O00444,O94986
O00444,Q8TEP8
O00444,Q66GS9
Q93034,Q96GG9
Q93034,Q6PH85
P16581,P06731
P16581,O00592
P16581,P43121
Q14654,Q09428
Q14524,P61328
Q14524,Q92913
O94916,P29350
P08727,P21980
Q9Y239,Q6UX06
Q9Y239,Q9Y2Z0
O43353,Q9BX69
Q9BUR4,P38432
Q9NSD9,Q9Y285
Q13555,P55055
Q14012,P29350
P17844,Q99717
P17844,P51449
A2RRP1,Q9P2W9
Q8N488,Q8WXX7
Q8IY57,Q8WXX7
Q9HCE1,Q9NZI8
Q9HCE1,P35227
Q9HCE1,Q06587
P35227,P78364
Q96AE4,Q9UHX1
Q9UHX1,Q96I24
P56159,P07949
P56159,P39905
Q9BUI4,Q9BT43
Q9BUI4,Q9H1D9
Q9BUI4,O15318
Q9BT43,Q9H1D9
Q9H1D9,O15318
Q9H1D9,P05423
Q06587,P41229
Q06587,Q8WXX7
O15318,P05423
Q13263,O15164
Q13263,Q9UPN9
Q13148,Q99700
Q13148,P22626
Q16778,P30291
Q9UGJ1,P23258
P23258,Q96SN8
P23258,O43379
P60880,O14810
O43809,Q16630
Q16630,Q6NYC1
P38159,P62995
P62995,Q13242
Q6UYC3,P20700
Q6UYC3,Q03252
P20700,P02545
P20700,Q9UID3
P20700,Q9H492
P20700,Q9BXW4
P20700,Q03252
P02545,O75844
Q96EP0,Q9BYM8
Q96EP0,Q9H0F6
Q9BYM8,Q9H0F6
P55055,Q92828
P55055,Q9H4L4
P00797,P01019
Q9BV86,Q01105
Q9BV86,P18754
Q01105,Q08722
P05165,P05166
P49711,Q01860
Q01860,O95983
O95711,Q99467
O14522,P40763
P09603,P07333
P07333,Q6ZMJ4
Q8WXD9,O14936
P49798,P20309
Q9H334,O15409
O15409,Q8IVH2
O15143,Q9BPX5
P26447,P35579
P35579,Q13464
O14656,Q5JTV8
Q5JTV8,O14657
Q5JTV8,Q5JU69
Q5JTV8,Q9H497
Q8WUA4,Q9Y5Q8
Q8WUA4,Q12789
Q9Y5K5,P35228
P05107,P20702
O75147,B4DYZ0
P56945,Q8N5H7
P56945,O75815
P56945,Q9H792
Q9Y468,P41229
Q96J94,Q9Y2W6
Q9UPX8,Q9UHR4
Q9UHR4,Q9BYB0
Q9UHR4,Q12929
Q9UHR4,Q5JU85
Q9UHR4,A4D2P6
Q9UHR4,Q9Y566
O94986,Q9HC77
O94986,Q66GS9
O94986,Q9UPN4
O94986,Q96SN8
O94986,O43379
O94986,Q9BV73
O94986,Q5TZA2
O94986,Q8TD31
Q9HC77,Q15468
P43034,B2R4V0
P43034,Q8IVD9
P40763,P49368
P40763,O43439
P06899,P04908
Q8NEV9,Q14213
O75689,Q9H1H9
O75689,Q9NQT8
Q12929,Q9UQB8
P17987,P04062
P17987,Q9NPJ1
P17987,Q6ZW61
P17987,Q8IWZ6
Q05193,P15531
P15531,P50570
Q15631,Q99598
O95150,Q93038
Q08345,P02461
P02461,P09486
Q9H9F9,Q9ULG1
O14641,P57078
P50542,P21549
P13612,Q8IZP0
P16471,P01236
P18850,Q9NR31
P52815,Q92552
P52815,Q7Z7H8
P52815,Q9BZE1
P52815,Q9BRJ2
P52815,P82664
P52815,O00411
Q14678,Q7Z4S6
Q07021,Q9H6L5
Q96R06,Q96SN8
P23471,Q12860
O00411,Q9H5Q4
Q13950,Q04724
Q13950,O15297
Q13950,P48436
Q15047,Q9H9B1
Q15047,Q9UK61
Q15047,Q99549
Q9UPN9,O15164
Q8IWA4,O95140
P01308,P14735
P60484,C3RSF2
P60484,Q5T2D3
P60484,Q92995
P60484,Q12959
P60484,P52732
Q14416,P28223
P28223,Q7Z6G8
P28223,Q13084
P28223,Q15165
P28223,P78559
P28223,Q13232
P28223,O96000
P28223,P21554
Q8N163,O43439
Q9BYN0,Q06830
Q9NZZ3,Q5VW32
P61328,P35498
P15311,P55011
Q86XS5,Q8N423
Q8N423,Q9UKU9
Q8N423,P30504
Q8N423,P17693
Q9ULT6,O60353
Q9ULT6,Q2MKA7
Q9ULT6,Q9BXB1
Q9BWF3,O60573
Q9BWF3,Q96SB4
Q9BWF3,Q9BY44
P28324,Q9NRC8
Q9NRC8,Q16656
O15054,O43474
O15054,P48431
O43474,O95983
P48431,O95983
Q2NKJ3,Q86WV5
Q2NKJ3,O14773
Q2NKJ3,Q9H668
Q86WV5,Q9H668
Q6NZ36,Q00597
Q6NZ36,O15360
Q6NZ36,Q9HB96
Q5JVF3,O60318
O00422,Q9UKV3
P30291,Q14207
Q14207,Q9UKL3
P35368,P21917
O14773,Q9H668
O14773,O14746
O94888,Q13618
Q13618,Q8IWE4
Q13618,Q96GG9
Q13618,Q6PH85
O00482,Q9UBK2
Q9UBK2,P54646
O14931,Q68D85
Q96CB9,Q7Z6M4
O00311,Q9UBU7
Q96NW4,P70280
P70280,O95721
P70280,O14617
P70280,P52594
P70280,O15400
P70280,Q9UNK0
O95721,O15294
O95721,Q9BV40
O95721,P56962
O95721,O43752
O95721,Q9UID3
Q03112,P53539
Q96EF0,Q96QG7
P35637,O60356
Q9NQ88,P52789
Q6W2J9,Q9BSM1
Q6W2J9,Q3KNV8
Q676U5,Q8TDY2
P06340,P13765
P06340,Q6ICR9
P13765,Q6ICR9
P08151,P41743
O15357,P21709
Q9UG22,Q8NHV1
Q9BSM1,Q5H9F3
Q5H9F3,Q3KNV8
Q3KNV8,Q8WXX7
Q6ZSG1,P12757
Q6ZSG1,P12755
Q6ZSG1,O43541
Q2VPB7,Q9H0R1
Q2VPB7,Q9NUS5
Q9H0R1,Q9NUS5
P46063,Q96QV6
P46063,Q99880
O75351,Q9UQN3
Q9UQN3,Q9UN37
Q9UN37,Q96K21
Q8IV04,P16298
P16298,P19484
Q9BZS1,P51449
Q9BZS1,Q9UKV0
Q15046,P08865
O60506,O60356
Q13330,Q17R98
C3RSF2,O14818
Q8TAM1,Q6ZW61
Q8TAM1,Q8IWZ6
Q8TAM1,Q3SYG4
Q8TAM1,Q9NPJ1
Q6ZW61,Q9NPJ1
Q6ZW61,Q8NFJ9
Q6ZW61,Q9BXC9
Q6ZW61,Q96RK4
Q6ZW61,Q8IWZ6
Q6ZW61,Q3SYG4
Q6ZW61,P49368
Q6ZW61,P48643
Q6ZW61,P78371
Q6ZW61,P50991
Q6ZW61,P50990
Q9BXC9,Q9NPJ1
Q9BXC9,Q8IWZ6
Q9BXC9,Q9BUN5
Q9BXC9,Q8N3I7
Q9BXC9,Q3SYG4
Q9NPJ1,Q9BUN5
Q9NPJ1,Q8IWZ6
Q9NPJ1,P49368
Q9NPJ1,P48643
Q9NPJ1,P78371
Q9NPJ1,P50991
Q9NPJ1,P50990
Q8IWZ6,Q8N3I7
Q8IWZ6,Q3SYG4
Q8IWZ6,P78371
Q8IWZ6,P49368
Q8IWZ6,P50991
Q8IWZ6,Q8NFJ9
Q8IWZ6,Q96RK4
Q8IWZ6,Q8TAM2
Q8IWZ6,Q9BUN5
Q8NFJ9,Q9BUN5
Q8NFJ9,Q8N3I7
Q8NFJ9,Q3SYG4
Q8NFJ9,Q96QF0
Q8NFJ9,Q9H0F7
Q3SYG4,Q8N3I7
Q3SYG4,Q96RK4
P84090,Q9Y237
P84090,Q9H0U6
Q96RK4,Q9BUN5
Q96RK4,Q8N3I7
Q9BUN5,Q8N3I7
Q9BUN5,Q8TAM2
Q8N3I7,Q8TAM2
Q9H2X6,Q06413
Q9H0U6,P60866
Q9H0U6,P46777
Q9H0U6,P23396
Q99543,P0C0S8
Q99543,P62807
Q99543,P41134
P62807,P07954
Q9UDY8,P48729
P22626,P14866
P22626,Q6NYC1
Q12791,P21731
Q12791,Q2I0M4
Q96QF0,P61006
Q96QF0,P18085
P48729,Q96SW2
P41002,O43303
Q9UK97,Q9Y4R8
Q9UK97,O43156
P51610,Q9UPP1
P51610,Q13643
Q9UPP1,O15047
Q7Z2W4,O95453
Q7Z2W4,Q8IZH2
Q7Z2W4,Q15024
Q13563,P98161
P21453,Q07108
Q9NY59,P63244
Q969G6,P13498
P41134,Q96HC4
Q8NHY2,P50549
Q9BPX6,Q8NE86
Q8NE86,Q96AQ8
P62330,Q9NZ52
P62330,Q86YS3
O95810,Q969G5
O95727,Q9BY67
Q14493,Q8IV48
P14735,P10997
Q04695,P26641
Q13127,P41229
P41229,Q8IWI9
P41229,O75461
P24844,Q13131
Q13131,O75385
Q8TDY2,Q9BXW4
Q8TDY2,Q9H492
Q8TDY2,O75385
Q7Z6K5,Q9H2K2
Q16539,Q15256
Q16539,P22736
Q9BTP7,Q8IYD8
O75379,Q9UID3
O75379,O43752
O75379,Q96JG6
Q9UID3,O43752
Q9UID3,O60499
Q9UID3,Q8N1B4
Q9UID3,Q96AJ9
Q9UID3,Q96JG6
Q9UID3,Q9BVG8
Q9UID3,O95831
Q9UID3,Q5VIR6
Q9UID3,Q9P1Q0
O43752,Q96JG6
Q8N1B4,Q96JG6
Q8N1B4,Q5VIR6
Q8N1B4,Q9P1Q0
Q7Z7C8,Q15542
O75461,Q96JM7
Q8TDG4,O15315
Q9BQS8,Q9H0B6
Q9BQS8,P33176
Q12830,O60264
Q96AJ9,Q96JG6
Q9H6E5,Q99755
Q99755,Q9NR96
P43308,P60468
Q9BXW4,O75143
Q9BXW4,O75385
Q9BXW4,Q9BSB4
O75143,Q9BSB4
O75143,Q9H492
O75143,O75385
O75143,Q9C0C7
Q9BSB4,Q9H492
Q9BSB4,O75385
Q9H492,O75385
Q9H492,Q9H6L5
Q9H492,Q8NC44
Q9H492,Q86VR2
Q9NPD8,Q9NW38
Q6NYC1,Q9Y383
O00429,P43357
O00429,Q8WXD2
O00429,Q99961
O00429,P43355
O15078,Q5TB80
Q9C0C7,O75385
O75385,P42858
O75385,Q9Y478
O75385,P54619
Q9Y572,Q8NB16
Q9HCE5,Q86U44
Q9HCE5,Q15007
Q86U44,Q15007
P56192,O43324
P22736,O60238
P22736,P12235
O15270,Q969W0
O15270,Q8NFR3
Q9NUV7,Q969W0
Q9NUV7,Q8NFR3
O60447,Q15907
Q14160,Q9P0L2
Q12923,P42566
Q01959,O15354
P46776,Q8IUF8
P62917,Q9H6W3
Q8N697,Q8IY34
O75396,Q13190
O75396,Q16623
Q15365,Q14498
Q9Y2Z0,Q9NX02
Q9Y2Z0,Q96MN2
P18509,P41586
Q9HBL8,P00966
Q9HBL0,Q96QB1
P30989,P30990
P42858,Q14204
P42858,Q9NPB6
O60716,Q14247
Q96ST3,P51608
Q8N365,O15516
Q96SW2,Q13422
Q96SW2,Q9UKT9
Q9Y3I0,Q8IWT0
Q8IWT0,Q52LJ0
Q8WXI9,Q17R98
Q8WXI9,O95365
Q17R98,Q86YP4
Q17R98,Q9BTC8
P25774,O15551
Q15672,Q9UN86
P08670,Q96IZ0
P06454,O60356
O60356,Q99547
O60356,Q13765
O60356,P67812
O60356,P43487
O60356,Q9P2W9
O60356,Q68DK7
O60356,P62945
O60356,Q9Y448
P24001,P24158
P42226,Q460N5
Q9P0L0,O15503
O15503,O95292
Q9Y5W3,Q92831
Q9UBK8,Q99707
O75462,Q9UBD9
Q8WXF7,Q9UBP0
Q96E22,Q9NQC3
Q01664,P55040
P01583,O00165
P01583,P27930
O95271,Q9NTX7
Q8NFG4,Q8TF40
Q8NFG4,P54619
Q8TF40,P54619
Q86YS3,P84085
P23771,Q9UQL6
P23771,Q9UL17
Q9P126,Q86YL7
P42224,Q9Y4C1
Q99961,P08173
Q99961,P08913
Q99961,Q70E73
Q99961,P13945
Q99961,P18089
Q99961,P08172
Q99961,Q9Y5N1
Q99961,P35367
P08173,Q99962
P08173,Q99963
Q9Y4C1,O75582
Q86SE9,Q8WXX7
Q8WXX7,O15014
Q8WXX7,Q04726
Q8WXX7,Q9BYE7
Q8WXX7,P61962
Q8WXX7,Q9HAH7
Q8WXX7,Q9P2R6
Q8WXX7,Q96PK6
P50570,P22392
Q8IWT6,Q6NSJ5
Q8IWT6,Q6P9F7
Q8IWT6,Q8TDW0
Q8IWT6,Q7L1W4
P09132,Q9UHB9
Q9BV40,P56962
Q9BVW5,Q9UNS1
P53778,P26045
P26045,P42566
Q9Y3Q4,Q8IYB4
P48740,P11226
P08651,O00712
Q99962,P13945
Q99962,P08913
Q99962,P18089
Q99962,P08172
Q99962,P35367
Q99962,Q9Y5N1
Q99962,Q70E73
P13945,Q99963
P08913,Q99963
P35367,Q99963
Q70E73,Q99963
P13688,Q8TDQ0
Q13362,P62140
Q8NBW4,Q0VGL1
Q8NBW4,O43504
Q8NBW4,P61421
Q8NBW4,P21281
O60337,P41220
Q9NR30,Q9H0D6
Q9NR30,Q9Y2X3
Q9NR30,O60832
Q9H0D6,Q96HQ2
P51654,Q6P988
Q6P988,O00755
Q96P16,Q8IXW5
Q96P16,Q9NQG5
Q8IXW5,Q9NQG5
Q96NB3,O60306
O60306,Q9ULR0
O60306,Q9HCS7
O60306,Q9UNP9
Q9UNP9,Q15428
Q9NRM7,O43255
O43255,Q02218
O43255,Q9ULD0
O43255,Q7Z6J0
O43255,Q8TEJ3
Q76N32,Q96SN8
Q76N32,O95613
Q96SN8,Q38SD2
Q96SN8,O43379
Q96SN8,O95613
Q96SN8,Q8TD31
Q96SN8,Q5SW79
Q9H6L5,Q9H0R8
Q9H6L5,Q96MW7
Q9H6L5,P61254
Q9H6L5,O94760
Q9H6L5,A1YPR0
Q9H6L5,P19367
Q9H6L5,Q12756
Q9H0R8,Q8NC44
Q9H0R8,Q86VR2
P19532,O15397
Q96JG6,Q5VIR6
Q96JG6,O14662
Q96JG6,Q86Y82
Q96JG6,Q15836
Q5VIR6,Q9P1Q0
O14777,P33981
P33981,Q9BZD4
P33981,Q8NBT2
P33981,Q9HBM1
Q9UK61,Q99549
Q9UK61,Q8NEY8
Q99549,Q8NEY8
Q9H0X9,Q9BZF1
P16410,P50851
Q6IA86,Q9H9T3
Q9H9T3,P00558
Q6FI81,O76003
P07954,Q96KK5
P30203,Q13740
Q2KHM9,O43379
O43379,Q5SW79
Q9NX18,P31040
Q9NZU0,Q9HAR2
Q12959,P52732
Q9NZQ7,Q15116
O75044,Q9NQX3
O75044,P49750
P49715,Q96RU8
Q99435,Q96MS0
Q9NYV4,O75909
P57081,Q9UBP6
P57081,P62249
Q9H7B4,Q9Y2U5
Q6UX40,Q96Q45
Q6UX40,Q9P0N5
Q6UX40,Q9H6L2
Q6UX40,Q9NXB0
Q9ULV4,Q9BR76
Q9BSJ8,A0FGR8
Q9BSJ8,A0FGR9
A0FGR8,A0FGR9
P60891,P50053
Q01518,P47712
P47712,Q04323
P47712,Q96GS4
O43439,Q9GZV8
O43439,Q3V6T2
O43439,Q8N680
O43439,Q9UNF1
Q9GZV8,Q3V6T2
Q9GZV8,Q8N680
A6ND01,Q8IYV9
Q96S15,Q9NXC5
Q96S15,P58004
Q96S15,P58005
Q96S15,Q9Y6P5
Q9NXC5,P58004
Q9NXC5,Q8WTX7
Q9NXC5,A6NHX0
O95365,Q9HCK8
O95365,Q6ZRS2
O95365,Q9NRL2
O95365,O15062
O95365,O15209
O95365,Q96K62
P51608,Q9BZK7
O75140,Q8WTW4
O75140,Q12980
O15212,Q96EK4
Q96EK4,P62195
Q96EK4,Q9BUW7
Q96EK4,Q96CN5
P35638,Q86SX3
P35638,Q16520
P12277,Q96DX5
Q01968,Q9GZU1
Q16740,O76031
Q16740,P21912
O76031,P21912
